TAZ,HH15,HHSIZE15
245,19,1.736842105
232,0,0
231,1203,1.896924356
40,15,1.466666667
229,590,2.115254237
214,869,1.68009206
1699,947,1.713833157
1698,300,1.45
1575,619,2.198707593
1576,810,1.479012346
1574,363,1.986225895
230,2282,2.106485539
257,440,2.565909091
1696,1941,1.929417826
1787,1306,1.665390505
196,698,2.045845272
216,417,1.273381295
246,670,1.623880597
259,47,1.14893617
1974,342,1.377192982
1975,29,2.448275862
233,1508,1.674403183
1785,11,2.272727273
1972,0,0
215,418,1.423444976
195,176,2.75
198,1643,1.531953743
197,239,3.121338912
177,2471,1.753945771
189,1037,2.994214079
188,1852,2.253239741
1598,1,5
1820,126,2.666666667
1597,2,2
247,779,2.024390244
248,869,2.501726122
260,388,2.474226804
1579,175,2.422857143
218,0,0
217,1,3
1786,282,1.039007092
1973,0,0
199,2458,1.834825061
236,1208,2.563741722
1450,0,0
1730,777,2.857142857
1578,108,4.009259259
202,685,1.804379562
219,1209,3.005789909
239,1837,2.56831791
201,301,1.518272425
1819,263,2.646387833
1451,652,3.023006135
1452,523,1.592734226
200,1448,1.701657459
1631,859,1.356228172
220,3557,2.074500984
1683,611,4.345335516
240,783,3.431673052
1449,0,0
204,823,2.235722965
221,844,2.072274882
1784,0,0
1600,37,1.486486486
1601,157,2.063694268
184,3720,1.715591398
190,398,2.293969849
1602,7,1.857142857
1603,0,0
192,1622,2.451911221
171,1032,2.324612403
203,1036,1.947876448
191,1007,2.127110228
1990,1,3
170,843,1.543297746
167,0,0
2111,0,0
1595,989,2.369059656
1999,494,2.168016194
1593,1224,2.161764706
1729,371,2.010781671
1556,438,1.867579909
1555,165,2.424242424
1758,143,2.265734266
390,390,2.123076923
351,118,4.245762712
393,460,2.530434783
394,395,2.579746835
395,105,4.666666667
333,598,2.070234114
1362,885,4.560451977
323,460,2.036956522
1553,550,2.434545455
1651,578,1.711072664
322,620,2.074193548
1363,148,4.581081081
1529,594,3.050505051
1465,512,2.728515625
332,449,1.726057906
1757,126,2.063492063
1530,498,2.389558233
298,481,2.85031185
297,554,5.880866426
1991,113,2.460176991
1528,591,2.680203046
294,1467,2.340831629
293,863,2.16801854
1527,425,2.430588235
1722,259,2.814671815
292,201,2.661691542
1723,845,1.526627219
280,804,1.631840796
48,743,2.061911171
291,325,3.033846154
1448,39,3.666666667
1464,422,2.315165877
301,320,4.915625
1824,14,2.071428571
1970,126,2.53968254
320,542,2.636531365
321,275,2.203636364
1712,538,2.005576208
1447,510,2.119607843
1802,0,0
1995,0,0
2155,41,2
877,323,2.445820433
881,57,3.596491228
1701,529,4.684310019
1429,83,2.590361446
947,60,2.433333333
876,54,2.611111111
868,158,2.430379747
1428,11,2.090909091
1358,43,1.88372093
968,27,2.333333333
1019,3,3.666666667
2173,3,1.666666667
1103,20,2.25
951,282,2.907801418
2159,59,2.762711864
950,51,2.470588235
105,133,2.789473684
1067,23,3.043478261
1813,68,1.75
883,23,3.391304348
648,21,4.285714286
994,27,3.740740741
643,26,3.230769231
1033,27,1.777777778
1036,2,2
1032,27,2.222222222
967,45,2.044444444
970,65,2.553846154
633,319,3.253918495
993,25,4.2
2132,43,2
992,48,2.229166667
1119,29,3.620689655
989,40,3.275
991,78,2.730769231
990,26,4.115384615
882,48,1.875
988,38,2.394736842
987,32,2
1106,25,2.12
886,46,2.413043478
1035,10,2
1121,297,2.323232323
1107,9,3.333333333
2179,97,2.649484536
962,157,2.394904459
1027,13,2.384615385
1028,48,2.0625
1029,122,2.286885246
1021,57,2.052631579
2176,56,3.339285714
2175,15,2.866666667
1017,27,1.851851852
1102,37,3.081081081
2172,12,2
1016,11,2.363636364
1020,40,2.35
638,55,2.036363636
2189,5,2.6
644,199,2.743718593
966,34,2.088235294
634,97,2.87628866
1022,15,1.933333333
969,77,2.12987013
645,40,2.325
1808,60,3.25
1836,73,2.479452055
2196,232,4.081896552
1208,84,3.583333333
2224,4,2
1123,3,3
1018,14,2.142857143
263,31,4.290322581
1023,155,3.716129032
1024,83,2.686746988
940,81,3.209876543
863,38,2.578947368
1124,54,2.666666667
1122,9,1.333333333
637,219,2.246575342
1700,53,3.79245283
1814,10,2.4
963,21,2.380952381
946,52,3.846153846
1125,54,3.351851852
632,86,2.174418605
1025,69,2.884057971
2076,15,5.133333333
2338,0,0
2339,0,0
1034,8,2.625
803,16,1.9375
2222,68,2.970588235
685,347,2.884726225
686,203,2.738916256
2136,210,2.571428571
687,149,2.738255034
729,349,2.306590258
2135,392,3.035714286
689,167,2.293413174
742,40,2.525
768,5,3.2
767,21,3.047619048
746,119,3.117647059
766,267,3.36329588
765,47,2.191489362
764,70,1.714285714
2149,319,2.335423197
16,32,2.46875
761,262,2.595419847
2144,359,2.442896936
697,114,2.324561404
748,421,2.42280285
695,100,2.79
2143,122,3.295081967
747,5,3.6
755,98,2.755102041
279,130,2.1
763,22,2
2148,68,2.264705882
1741,74,2.486486486
698,392,2.581632653
2104,123,2.967479675
2105,28,2.571428571
1094,277,2.974729242
2216,77,3.714285714
2232,639,2.719874804
2230,1,1
1667,250,3.3
11,451,3.403547672
8,422,2.052132701
1109,112,2.0625
2099,143,3.041958042
2051,419,2.362768496
2370,0,0
2333,0,0
780,56,3.625
781,30,4.466666667
779,215,4.088372093
778,48,2.520833333
791,8,3.25
788,45,1.888888889
777,0,0
920,3,2.666666667
775,289,3.321799308
1491,13,3.615384615
789,22,4
1489,0,0
790,3,2
784,0,0
1490,80,4.275
802,733,3.376534789
672,289,2.636678201
786,0,0
741,70,2.3
671,436,1.75
2133,4,3.5
1081,132,2.522727273
2185,117,2.547008547
666,108,3.425925926
735,8,2.875
670,283,2.745583039
785,28,1.607142857
740,406,1.655172414
738,209,2.406698565
2369,0,0
2368,0,0
776,1012,1.491106719
796,0,0
772,460,2.782608696
915,1,2
1817,2,2.5
782,9,5.333333333
1818,40,2.075
800,292,2.520547945
801,97,2.907216495
646,27,2.111111111
1005,18,2.444444444
649,2,3
2130,15,2.8
654,226,3.486725664
653,691,2.646888567
652,440,2.602272727
2160,233,1.991416309
959,32,2.03125
957,30,2.266666667
1458,12,2.25
998,101,2.425742574
887,101,1.861386139
884,30,2.166666667
658,97,2.742268041
657,43,2.465116279
984,32,2.1875
2162,21,2.333333333
983,30,2.4
982,70,2.271428571
964,57,2.192982456
980,36,2.138888889
978,75,2.053333333
971,85,2.705882353
1433,30,2.6
885,260,2.607692308
888,173,2.716763006
1434,161,2.850931677
997,42,3.238095238
996,75,3.253333333
422,405,2.414814815
543,325,2.366153846
1432,201,1.950248756
482,134,2.462686567
1120,5,1.6
923,745,2.420134228
995,445,2.078651685
1431,168,2.196428571
1430,293,2.034129693
889,189,2.825396825
1052,396,2.222222222
660,132,3.621212121
976,45,2.355555556
973,38,2.421052632
977,60,2.933333333
979,27,2.259259259
655,72,2.194444444
972,4,2.25
975,51,2.490196078
890,46,2.804347826
986,26,1.807692308
985,36,2.444444444
974,45,2.377777778
2183,16,2.625
2165,19,2.526315789
1001,20,2.25
2166,7,1.857142857
1003,69,2.289855072
864,16,2.3125
607,162,2.635802469
613,46,2.434782609
656,43,2.604651163
572,40,1.9
630,40,2.025
624,56,2.892857143
1195,140,2.178571429
1812,37,3.081081081
631,93,2.279569892
2161,7,2.714285714
2167,7,1.285714286
2168,11,2.727272727
2219,24,2.541666667
981,4,2
999,16,2.3125
2164,32,2.1875
1015,63,2.761904762
965,12,4.583333333
2129,27,2.925925926
2218,13,2.538461538
1740,52,3.096153846
661,11,1.636363636
2220,10,2.5
1000,1028,3.461089494
2182,106,2.547169811
2131,0,0
307,264,2.871212121
1030,166,3.445783133
2177,8,2.5
1031,14,3.357142857
891,52,2.884615385
2188,3,3.333333333
659,20,2.6
1203,726,4.11707989
1199,472,2.883474576
1201,52,3.173076923
1388,275,1.88
1204,435,2.386206897
1368,138,2.666666667
1197,68,2.073529412
1196,149,2.395973154
1198,109,2.770642202
2210,27,2.111111111
1392,27,2.333333333
1168,193,2.984455959
1151,55,2.381818182
1200,52,2.615384615
1367,45,1.844444444
2212,89,2.988764045
1184,245,2.591836735
1146,41,3.024390244
2192,255,3.564705882
1171,216,2.398148148
1383,132,2.818181818
1175,90,2.755555556
1173,87,3.459770115
1176,152,3.947368421
1160,33,2.272727273
1149,442,3.233031674
1382,17,3.235294118
1153,37,1
1370,27,3.481481481
1380,8,3.75
1205,195,1.98974359
1157,197,2.497461929
1159,156,3.08974359
1833,25,2.28
1187,114,2.456140351
1140,166,3.192771084
1170,277,2.642599278
1147,388,2.961340206
1372,37,2.864864865
1206,223,2.730941704
1756,21,5.904761905
1832,8,3
1156,256,2.38671875
1141,134,3.388059701
1376,70,2.185714286
2211,111,2.216216216
1132,356,2.238764045
1381,52,3.153846154
1182,249,2.526104418
1181,16,3
1202,40,2.625
1876,36,2.75
1834,7,2.571428571
1188,368,2.548913043
1189,429,1.983682984
1183,24,3.416666667
2191,98,2.469387755
1158,289,3.010380623
1152,239,3.556485356
621,755,2.740397351
2198,39,3.384615385
1210,4,1.5
1222,207,3.106280193
1831,43,2.302325581
1154,23,1.782608696
2351,0,0
2350,0,0
2349,0,0
1391,179,2.837988827
1150,468,2.679487179
1390,328,3.24695122
1212,460,3.030434783
2346,0,0
2348,0,0
2347,0,0
398,1650,3.294545455
598,119,5.974789916
2119,20,2.85
2121,7,3.142857143
595,49,2.367346939
599,42,2.976190476
1220,12,1.916666667
1214,243,3.041152263
1216,187,3.550802139
1218,17,2.823529412
1211,87,3.218390805
1209,693,2.852813853
1835,146,2.089041096
1223,147,2.217687075
1217,296,2.60472973
1224,407,2.899262899
1219,180,3.3
1226,72,2.833333333
1225,93,3.505376344
1213,40,3.95
1215,60,2.516666667
1357,133,2.691729323
626,242,3.123966942
1194,88,2.829545455
2193,7,2.857142857
1193,3,2
1811,19,3
1186,310,2.990322581
1185,154,2.220779221
1190,0,0
1178,4,3.25
1373,99,2.515151515
1257,164,2.512195122
1234,114,2.043859649
1230,156,2.544871795
1255,78,1.743589744
1258,67,1.895522388
1313,31,2.322580645
1311,87,2.551724138
1312,392,2.599489796
1303,14,2.214285714
1281,15,2.066666667
1282,34,2.676470588
1366,63,2.428571429
1266,24,2.791666667
1304,81,2.234567901
1310,13,2.384615385
1265,54,2.055555556
1264,177,3.813559322
1283,46,1.760869565
1232,47,2.659574468
1297,42,2.952380952
2357,0,0
2356,0,0
2205,18,5.555555556
1263,54,2.62962963
1241,18,2.666666667
2080,15,3.466666667
2066,16,3.6875
2084,394,2.233502538
2085,135,1.62962963
2088,510,2.254901961
2079,243,2.185185185
2081,70,2.157142857
1231,148,2.695945946
1314,166,2.518072289
1229,136,2.492647059
1233,119,3.075630252
1133,25,2.24
1142,114,2.947368421
1296,15,2.4
1459,939,3.848775293
830,96,3.25
805,0,0
2151,249,2.706827309
817,1433,2.900209351
1839,64,2.484375
831,104,2.634615385
736,401,3.092269327
1492,18,3.722222222
739,906,2.016556291
677,255,3.62745098
669,115,3.191304348
676,471,2.878980892
2146,81,2.209876543
754,84,2.119047619
753,96,2.770833333
2147,22,3.181818182
1079,166,1.855421687
1080,97,1.670103093
1816,135,2.348148148
684,439,2.567198178
737,427,2.587822014
922,208,1.865384615
683,55,2.727272727
682,135,1.762962963
921,801,2.012484395
2142,426,2.093896714
907,4,3.75
717,94,2.457446809
541,278,2.388489209
720,123,1.853658537
705,202,1.836633663
918,98,1.153061224
707,204,1.93627451
616,744,3.583333333
2197,8,2.625
1221,17,2.352941176
2194,123,3.211382114
1389,78,3.666666667
1180,15,4.733333333
1375,256,3.1875
1145,21,3.047619048
2113,727,3.115543329
1402,727,4.176066025
593,816,3.704656863
133,1171,3.620836892
2195,73,2.643835616
1207,333,2.606606607
619,121,2.785123967
1101,84,2.55952381
620,359,4.949860724
1098,101,3.514851485
4,936,2.267094017
1110,29,1.724137931
2187,146,2.47260274
1115,543,2.581952118
2186,142,2.049295775
1665,506,3.221343874
1484,11,1.545454545
564,29,1.896551724
617,103,3.194174757
618,694,3.318443804
561,39,2.666666667
1456,344,4.904069767
2234,0,0
2125,8,4.125
622,491,3.604887984
1099,145,4.786206897
2126,609,4.057471264
627,116,3.413793103
2110,0,0
2109,0,0
2108,0,0
166,2416,2.232615894
1166,234,2.504273504
1167,517,2.415860735
1371,169,2.857988166
1177,160,2.91875
1191,44,3.477272727
1155,287,1.944250871
1386,24,2
1161,231,3.398268398
1165,1020,2.52254902
1179,292,1.79109589
1169,66,2.333333333
1755,62,2.564516129
1174,23,4.173913043
1192,256,2.515625
1162,131,2.618320611
1163,14,1.5
1164,308,2.246753247
565,75,3.506666667
615,118,2.194915254
603,300,3.296666667
1374,146,2.698630137
1130,300,2.85
2354,0,0
1143,9,2
2353,0,0
2352,0,0
1144,114,2.51754386
1139,160,2.3125
1131,142,2.302816901
1385,56,2.214285714
1384,83,2.397590361
1138,87,2.16091954
1377,50,3.4
1379,196,2.785714286
1137,97,2.855670103
1378,257,3.097276265
1136,535,2.757009346
1135,11,2.909090909
1129,591,3.010152284
1829,21,2.238095238
1387,194,3.329896907
1172,515,2.885436893
1148,136,2.477941176
2077,22,2.727272727
2012,45,3.622222222
2010,19,3.157894737
2235,4,4.5
2009,21,4.428571429
421,3088,1.638601036
938,1671,3.027528426
636,13,2.076923077
1118,146,2.698630137
1117,41,2.829268293
869,52,2.269230769
942,91,2.769230769
2178,19,1.842105263
2128,7,1.714285714
635,109,2.899082569
937,5,2.2
2181,31,2.161290323
2180,36,3
2007,45,2.688888889
2008,31,5.290322581
2337,0,0
2336,0,0
2059,11,2.545454545
2082,87,3.045977011
2001,15,3
2060,51,2.411764706
2006,74,3.22972973
2388,0,0
2389,0,0
2390,0,0
2391,0,0
2334,0,0
2355,0,0
647,234,2.123931624
639,54,2.685185185
1738,123,3.130081301
1739,13,2.384615385
1014,66,2.893939394
1026,57,2.49122807
867,72,4.5
104,105,2.20952381
2107,1,4
1111,119,2.571428571
934,48,2.25
866,203,3.15270936
1414,142,3.021126761
1350,208,3.399038462
1037,375,3.069333333
2174,138,3.195652174
1426,259,3.227799228
865,182,2.989010989
1104,63,2.555555556
871,937,2.989327641
939,554,3.09566787
642,1887,2.535771065
641,1106,2.69801085
1803,1778,2.479752531
1038,753,3.747675963
2154,98,3.408163265
856,16,2.6875
1116,32,1.78125
870,140,2.342857143
1049,116,4.362068966
463,35,2.057142857
944,152,3.052631579
2157,23,2.652173913
945,88,2.284090909
941,182,2.763736264
872,830,2.421686747
862,729,2.519890261
1425,1224,2.403594771
935,103,2.475728155
936,25,2.2
496,702,1.937321937
860,309,4.436893204
1702,57,3.228070175
2335,0,0
960,48,1.854166667
699,607,2.543657331
71,61,2.62295082
72,60,3.6
25,84,2.583333333
69,153,2.666666667
696,450,2.475555556
2139,229,3.126637555
43,138,2.594202899
65,287,2.181184669
848,1247,2.91499599
90,153,2.529411765
93,578,3.826989619
51,152,2.532894737
76,334,2.94011976
73,525,2.805714286
68,1030,2.473786408
66,282,2.390070922
64,133,2.112781955
70,35,2
26,291,3.395189003
1666,39,3.230769231
1668,51,2.137254902
18,72,2.777777778
2106,265,2.011320755
1751,67,2.134328358
1750,1039,3.384985563
1535,1454,2.379642366
19,381,2.776902887
1053,1102,2.254990926
1095,745,2.034899329
44,48,4.291666667
35,173,3.317919075
1536,333,1.441441441
27,481,3.600831601
1572,29,3.172413793
36,449,3.184855234
29,427,3.676814988
28,633,3.736176935
37,2020,4.037128713
21,687,2.847161572
20,1208,4.014900662
1537,272,2.334558824
17,3091,2.449692656
12,1659,2.215792646
820,1368,3.216374269
578,1199,2.758131776
566,173,3.959537572
1605,351,2.484330484
692,110,2.618181818
812,355,2.712676056
577,285,2.543859649
54,63,2.126984127
675,56,3.267857143
821,45,3.422222222
813,140,2.685714286
586,182,3.016483516
94,875,3.202285714
92,1396,3.306590258
53,46,2.869565217
1720,624,2.943910256
1721,160,2.61875
74,1091,2.953253896
1719,262,3.229007634
1419,342,2.538011696
96,542,2.931734317
97,370,3.551351351
810,56,3.214285714
102,148,3.513513514
1088,289,2.733564014
1789,164,3.865853659
602,208,3.125
1462,566,3.183745583
101,2749,2.777009822
1463,438,3.869863014
1859,0,0
146,1147,3.223190933
1860,9,1.777777778
1798,2,3.5
662,494,3.694331984
1797,2051,3.353973671
1342,606,3.471947195
1736,682,3.906158358
150,460,2.884782609
1735,421,2.950118765
1011,201,2.820895522
1075,44,2.909090909
1002,1130,3.248672566
1323,338,2.831360947
594,1171,4.237403928
2213,805,4.00621118
665,714,3.324929972
404,1041,3.510086455
127,723,4.177040111
1012,193,5.81865285
114,0,0
115,506,2.371541502
1848,1,2
126,454,3.889867841
1855,806,2.725806452
116,265,2.996226415
1856,915,3.081967213
1857,746,2.912868633
1412,0,0
1398,643,3.121306376
1395,2,4
1858,872,3.153669725
1399,514,2.795719844
109,2,2
663,791,4.098609355
1394,23,2.608695652
1396,0,0
1013,225,5.88
961,36,2.305555556
1397,0,0
1006,32,2.375
1010,106,3.264150943
2169,19,2.368421053
1321,249,3
651,534,4.559925094
650,81,2.345679012
629,18,5.055555556
2127,6,4.833333333
628,49,2.183673469
1807,22,2.363636364
2214,0,0
1457,2,1.5
1482,708,3.228813559
1009,57,3.385964912
1004,148,3.905405405
1853,723,4.027662517
952,72,2.319444444
861,298,3.067114094
953,169,2.721893491
2171,0,0
107,716,3.565642458
955,26,2.769230769
1344,11,2.363636364
1345,63,4.015873016
2158,3,4
106,795,2.753459119
880,937,2.332977588
879,0,0
875,832,2.509615385
874,0,0
873,593,1.645868465
1423,168,3.833333333
878,171,2.953216374
30,541,2.384473198
1792,31,1.774193548
366,555,2.506306306
859,278,1.730215827
522,52,4.519230769
1826,48,2.3125
640,23,1.913043478
1793,436,2.21559633
956,4,1.5
954,688,3.494186047
1737,386,2.979274611
1393,493,2.125760649
858,205,2.526829268
1794,0,0
933,340,2.576470588
1424,420,2.385714286
558,570,2.764912281
1583,612,2.764705882
209,927,2.918015102
1592,646,3.568111455
175,1569,3.080943276
174,2461,3.553027225
1591,928,3.769396552
160,1892,3.483615222
176,770,2.585714286
1468,1541,2.525632706
194,1417,3.016231475
1467,1541,2.974691759
1320,346,3.002890173
623,27,3.666666667
559,13,1.846153846
1074,158,2.96835443
1318,644,2.541925466
159,1102,2.800362976
1051,969,2.187822497
1401,794,3.405541562
1100,227,3.101321586
1589,482,2.244813278
1590,1536,3.3515625
1352,1,2
1351,1000,3.297
426,577,1.648180243
1584,0,0
1596,879,1.567690557
158,1110,2.410810811
1354,5,4
1353,731,2.967168263
1585,270,2.748148148
157,2349,2.163048106
1316,691,2.026049204
1469,0,0
1796,0,0
2153,441,2.804988662
1453,616,1.86525974
172,1412,2.325070822
148,604,1.488410596
1586,1,1
143,258,2.178294574
142,1754,3.033067275
149,596,2.728187919
1355,59,2.576271186
122,886,2.726862302
140,781,2.263764405
141,12,1.416666667
1788,949,2.790305585
147,0,0
144,1650,2.891515152
121,2973,2.782038345
1532,948,3.564345992
1531,1131,2.726790451
112,360,2.419444444
1874,279,2.379928315
794,48,2.645833333
139,121,2.289256198
1050,0,0
1630,0,0
120,1003,2.369890329
1534,614,2.941368078
137,211,2.497630332
156,0,0
155,0,0
154,1184,2.220439189
1060,1278,2.98200313
1058,1163,4.882201204
1873,239,2.49790795
113,1299,4.100846805
47,401,3.6159601
1400,541,2.670979667
138,287,2.543554007
1875,42,2.69047619
1404,842,2.752969121
1405,262,2.702290076
571,912,3.165570175
1847,337,3.614243323
1850,0,0
1844,502,2.898406375
1845,1,4
569,2718,2.791390728
123,144,2.604166667
1846,2,4
135,68,3.411764706
1403,0,0
131,94,1.691489362
128,157,2.573248408
132,363,1.691460055
124,0,0
129,1108,3.146209386
136,13,3.461538462
125,1777,2.761958357
130,1499,2.504336224
134,5,3
509,1202,2.411813644
508,323,2.27244582
507,446,2.177130045
506,896,2.379464286
488,688,1.761627907
1771,695,2.618705036
504,1069,1.886810103
503,494,2.192307692
502,198,3.51010101
487,289,1.397923875
489,1337,2.161555722
80,761,1.512483574
58,10,2.1
486,0,0
467,575,1.568695652
466,352,1.457386364
57,1559,1.924310455
56,1304,2.307515337
1772,910,1.754945055
1718,813,1.616236162
1680,186,5.096774194
462,0,0
460,324,2.611111111
461,682,2.086510264
79,1011,1.96834817
63,191,1.984293194
55,19,3.157894737
464,897,1.431438127
448,714,2.682072829
485,281,3.975088968
433,214,3.060747664
432,65,2.815384615
50,656,2.713414634
465,586,1.530716724
1717,293,2.28668942
1773,42,2.19047619
1621,638,1.846394984
434,639,2.359937402
365,266,2.601503759
367,294,2.336734694
1695,50,2.24
1694,208,2.134615385
313,379,1.844327177
1693,170,2.035294118
364,153,2.431372549
449,451,2.614190687
435,470,1.327659574
450,495,1.731313131
431,51,3.254901961
430,3,4.333333333
52,255,2.752941176
1670,432,3.44212963
59,455,1.892307692
45,259,1.806949807
846,15,3.733333333
46,1028,2.397859922
38,125,2.992
61,750,2.354666667
1679,393,2.384223919
49,86,2.906976744
1678,159,4.144654088
32,506,2.697628458
31,1619,2.391599753
22,1509,3.282968854
13,435,1.708045977
1822,148,4.425675676
1475,927,2.810140237
1476,121,1.826446281
1821,517,2.558994197
574,702,1.720797721
1063,365,2.378082192
1061,823,2.495747266
1062,409,2.491442543
573,567,3.654320988
1801,0,0
1073,0,0
119,0,0
1059,1014,3.41025641
932,746,3.325737265
1872,81,2.049382716
1072,1,4
1070,520,3.332692308
1871,140,5.857142857
931,21,5.857142857
568,985,2.699492386
1057,4,3.25
1071,1552,3.06443299
110,580,3.155172414
111,601,4.415973378
927,123,4.910569106
1066,148,2.689189189
567,446,2.807174888
925,2089,2.941120153
1533,1090,2.701834862
164,891,2.28956229
163,1199,2.259382819
165,1031,2.459747818
1322,369,1.60704607
161,1864,2.427038627
153,808,2.891089109
162,763,1.533420708
1479,245,1.542857143
1478,429,2.463869464
187,787,2.026683609
182,1260,3.044444444
180,634,2.574132492
186,475,2.741052632
185,4,3.25
212,22,2.681818182
213,1142,2.697898424
210,303,1.755775578
15,1038,2.187861272
575,782,1.941176471
1843,117,3.94017094
1594,1456,1.953296703
193,1284,2.749221184
173,2123,1.762129063
1319,469,1.496801706
1317,68,3.117647059
23,1609,2.413300186
2215,83,2.397590361
33,319,3.614420063
1473,187,3.524064171
24,51,2.980392157
1474,472,1.822033898
95,582,2.711340206
334,162,3.061728395
1472,294,1.918367347
282,307,1.970684039
337,25,2.36
309,320,3.1375
272,22,3
273,350,2.305714286
664,935,1.557219251
1239,71,3.23943662
1242,116,4.284482759
2203,1,1
2204,164,3.908536585
1276,136,2.919117647
1762,19,3.473684211
2208,2,4
2207,0,0
2202,3,2.333333333
1840,71,3.718309859
1365,33,2.909090909
1237,95,3.305263158
1238,384,2.932291667
1253,148,2.554054054
1763,4,3.25
1764,11,4.272727273
1247,36,3.055555556
1275,117,2.735042735
1236,156,3.557692308
2201,12,3.25
2228,37,4.405405405
1235,276,1.34057971
1287,303,2.699669967
1290,366,3.090163934
1364,84,5.511904762
1289,38,5.815789474
1285,79,2.329113924
1240,235,2.778723404
1284,276,3.152173913
1292,5,4.6
1291,8,3.375
2200,11,2.545454545
1228,3,3
2199,54,3.481481481
1294,32,3.375
2223,4,3.25
1245,291,3.95532646
1760,47,3.085106383
1293,319,3.815047022
1244,25,3.24
1286,352,2.778409091
1767,196,2.658163265
1745,155,4.529032258
1744,2,5.5
1127,252,4.78968254
1279,387,2.720930233
1277,199,3.48241206
1278,402,2.930348259
1369,147,4.197278912
1288,89,4.426966292
1227,245,2.726530612
1298,501,2.862275449
1306,10,1.8
1315,192,3.010416667
1299,210,3.185714286
1828,618,3.669902913
1830,4,2.75
2190,523,3.921606119
1134,389,2.964010283
1295,12,2.583333333
556,117,2.871794872
2233,19,2.368421053
2120,35,2.485714286
582,257,3.910505837
597,206,3.383495146
555,126,3.079365079
1488,39,2.487179487
596,22,2.772727273
581,135,3.725925926
557,62,2.806451613
2115,87,3.068965517
553,126,3.253968254
281,270,3.703703704
2112,17,2.941176471
1486,24,3.25
551,56,2.696428571
1485,0,0
1487,16,3.3125
552,135,3.022222222
1330,50,3.42
545,66,4.439393939
604,89,3.292134831
544,26,5.384615385
1356,78,5.269230769
295,112,3.776785714
550,473,3.315010571
554,2,3
532,132,3.560606061
1516,818,4.987775061
600,1070,4.205607477
533,70,4.328571429
1810,170,4.947058824
256,26,5.846153846
534,148,2.824324324
1331,65,2.769230769
1333,17,5.411764706
605,94,4.074468085
521,49,2.346938776
2122,458,4.451965066
2124,936,4.125
612,40,5.35
524,187,3.245989305
1337,45,3.422222222
1126,139,3.215827338
1332,60,3.666666667
608,43,3.674418605
609,23,4.782608696
1335,519,5.028901734
1554,67,3.313432836
606,59,3.796610169
1336,241,4.863070539
523,83,3.13253012
1334,120,4.433333333
614,1023,3.207233627
1128,504,4.152777778
2123,261,4.011494253
548,354,4.793785311
1517,320,2.459375
1460,476,3.115546218
1518,692,2.315028902
1349,562,3.804270463
547,1636,2.14608802
1769,638,2.388714734
1770,208,4.557692308
542,2294,3.057977332
1461,234,2.111111111
549,0,0
1790,373,2.479892761
1347,12,4.666666667
1346,611,3.659574468
519,282,3.411347518
423,383,3.44386423
1503,0,0
520,6,2.5
1504,0,0
540,617,2.802269044
539,126,3.198412698
538,0,0
1806,282,3.992907801
529,482,1.70746888
516,1827,2.110563766
350,1317,2.276385725
517,1390,4.191366906
528,855,1.861988304
513,1224,2.673202614
518,288,3.805555556
530,714,3.156862745
1509,607,3.105436573
498,223,3.470852018
1775,490,5.710204082
318,4,3.25
531,425,3.324705882
1805,168,2.863095238
527,552,2.375
537,300,3.236666667
1513,242,3.289256198
1514,566,5.657243816
283,525,2.859047619
526,1438,2.328929068
515,265,2.211320755
514,358,2.410614525
1512,562,2.645907473
1979,180,2.472222222
1654,234,2.397435897
1978,221,2.488687783
491,304,2.930921053
1653,403,2.637717122
1515,614,4.13029316
1989,252,3.837301587
495,342,3.543859649
265,611,2.494271686
490,131,2.427480916
511,341,1.985337243
510,135,2.281481481
493,257,2.564202335
1506,0,0
1510,304,3.884868421
481,0,0
1507,0,0
1511,836,4.090909091
1686,840,1.93452381
1508,62,2.935483871
1804,404,3.574257426
87,145,2.834482759
1477,826,2.755447942
1480,6,3.833333333
169,1435,1.89825784
168,1306,2.368300153
183,653,2.215926493
1604,934,2.24732334
1809,179,3.100558659
562,58,2.362068966
928,81,2.049382716
10,383,2.38381201
1097,1866,2.285101822
1754,600,2.585
9,219,1.863013699
1096,73,2.630136986
6,733,1.877216917
2103,337,2.029673591
5,234,2.047008547
1823,2408,3.02076412
576,977,2.078812692
1753,472,1.98940678
1108,4,3.5
850,308,2.655844156
2231,13,2.615384615
446,67,2.432835821
1112,59,2.491525424
1114,194,2.268041237
852,384,4.4375
2028,131,2.938931298
2020,87,2.862068966
855,82,4.804878049
2226,69,2.173913043
2029,47,1.893617021
2025,210,3
1039,244,3.233606557
1703,69,3.057971014
1361,103,2.533980583
2019,57,3.157894737
1359,38,2.631578947
1040,444,3.105855856
1044,982,2.923625255
1710,734,3.164850136
1064,1622,2.781134402
1041,1059,3.101038716
1042,714,2.708683473
470,1500,2.323333333
1047,1740,3.925862069
1,668,3.131736527
179,368,3.078804348
178,2558,2.844800625
14,84,2.107142857
1588,470,2.431914894
1048,2241,2.434181169
151,1456,2.32967033
1055,1401,2.334760885
2070,256,2.203125
2071,346,2.413294798
2073,295,3
2086,189,2.851851852
2022,58,2.655172414
2005,81,2.925925926
2065,50,4.14
2083,29,2.620689655
2063,82,2.731707317
2002,61,2.754098361
2004,57,3.210526316
2227,35,3.057142857
2052,88,3.227272727
2053,345,2.67826087
2049,44,3.613636364
2100,11,2.363636364
2095,380,2.105263158
2097,17,2
2092,454,2.647577093
2048,510,3.003921569
2061,4,1
2043,34,2.764705882
2091,2,2
2046,382,2.767015707
2047,184,2.472826087
2044,2,2.5
2036,66,2.060606061
2037,79,2.278481013
2031,245,2.963265306
2039,94,2.14893617
2042,13,2.384615385
2040,36,2.055555556
2041,29,3.551724138
2038,119,2.596638655
2030,116,2.293103448
2057,221,2.294117647
2225,80,3.2375
2027,182,2.521978022
2069,210,2.871428571
2003,775,3.046451613
2045,104,2.644230769
2229,271,3.084870849
2023,126,2.507936508
2089,453,2.284768212
2075,223,2.865470852
2074,32,2.5
2064,286,2.748251748
2033,322,2.270186335
2024,89,2.471910112
2021,96,2.4375
2018,100,2.75
2017,15,4.466666667
2016,39,4.076923077
2015,40,4.425
2026,141,2.319148936
2384,0,0
2385,0,0
2386,0,0
2387,0,0
2096,256,1.45703125
2102,727,2.129298487
2087,466,2.229613734
2062,27,3.407407407
2055,21,3.619047619
2054,78,3.423076923
2050,15,2.266666667
2098,49,2.428571429
2072,177,5.440677966
2034,246,2.394308943
2032,140,2.664285714
2058,397,2.329974811
1629,787,4.598475222
208,223,4.112107623
207,272,4.9375
228,10,3.6
226,113,3.017699115
227,524,3.484732824
1582,508,3.478346457
1628,3,3.333333333
1341,4,2.5
560,245,3.469387755
625,205,4.536585366
1779,0,0
1483,176,3.011363636
1795,0,0
1455,148,4.675675676
1841,2,3
563,70,3.142857143
401,559,5.093023256
1759,25,2.56
304,3,2.666666667
1338,553,2.978300181
1339,0,0
400,635,4.565354331
270,6,3.833333333
1340,2,3
501,5,2.8
447,187,2.748663102
399,79,3.64556962
244,0,0
1752,64,3.078125
243,3,1.666666667
500,809,5.212608158
269,468,5.10042735
302,1661,4.031306442
1885,315,4.228571429
303,1005,4.155223881
1525,7,1.857142857
1780,0,0
2382,0,0
2380,0,0
2379,0,0
2056,14,3.571428571
2067,342,2.365497076
2068,43,2.302325581
2093,503,2.389662028
611,86,3.279069767
2114,35,3.885714286
1886,40,3.725
211,23,2.434782609
268,151,3.311258278
255,429,2.832167832
1781,290,5.193103448
1580,69,2.652173913
225,189,4.412698413
1581,10,3.4
205,269,1.646840149
2000,2,2
1471,905,2.508287293
222,1180,2.144067797
1888,213,2.821596244
224,363,2.721763085
1731,360,2.477777778
1998,338,1.455621302
1734,184,2.125
242,723,2.499308437
1454,1525,2.624262295
241,1049,3.046711153
1677,32,3.375
223,700,2.807142857
1733,113,2.274336283
1783,0,0
206,1433,2.149337055
1887,231,2.406926407
1782,0,0
1470,0,0
2340,0,0
2345,0,0
2343,0,0
2344,0,0
2342,0,0
2341,0,0
39,910,2.442857143
274,594,2.156565657
1697,1061,1.643732328
1577,1626,1.485239852
1599,0,0
287,1036,1.597490347
275,580,2.137931034
258,324,2.117283951
286,22,2.181818182
285,218,2.568807339
317,576,1.791666667
261,930,1.791397849
276,1063,1.952963311
288,187,1.326203209
1561,745,2.232214765
1676,102,1.431372549
262,266,2.067669173
1634,824,3.154126214
1675,385,2.348051948
277,1162,1.7383821
235,928,3.310344828
237,1165,2.671244635
238,376,3.968085106
234,406,2.977832512
249,1767,2.711375212
1673,218,4.45412844
1672,190,5.610526316
592,517,2.789168279
1684,1304,3.30291411
250,920,2.492391304
1674,1063,1.968015052
1466,553,2.216998192
2371,0,0
2373,0,0
667,104,2.240384615
1077,310,1.935483871
673,240,2.170833333
756,174,2.557471264
2374,0,0
750,847,2.316410862
305,52,3
278,48,2.895833333
306,28,2.142857143
752,6,5.166666667
751,47,1.531914894
732,510,2.378431373
2140,38,2.026315789
694,50,2.44
745,32,3.28125
758,46,2.086956522
759,11,2.909090909
2372,0,0
1083,46,1.913043478
688,135,2.392592593
760,95,2.326315789
749,41,2.390243902
2137,93,2.258064516
2184,113,2.088495575
1076,44,1.886363636
668,232,2.573275862
2134,109,2.651376147
674,238,2.088235294
678,249,1.730923695
1082,319,1.833855799
1078,125,1.408
757,1262,2.038034865
1324,313,1.696485623
681,6,2.333333333
679,10,1.7
588,13,2.076923077
1084,39,2.846153846
2221,35,1.857142857
744,27,2.814814815
743,59,3.694915254
2116,184,2.858695652
691,13,3
690,9,1.777777778
2145,12,3.666666667
845,262,3.41221374
680,96,2.125
825,50,3.66
2138,49,2.489795918
693,165,2.327272727
2375,0,0
2376,0,0
2377,0,0
2378,0,0
769,102,2.558823529
770,86,1.848837209
832,560,3.908928571
589,1413,3.011323425
819,332,3.515060241
590,704,3.713068182
815,129,4.325581395
419,161,3.385093168
1838,422,3.476303318
299,361,3.986149584
2117,528,3.678030303
1089,326,5.150306748
2152,244,3.31147541
1093,370,4.57027027
583,366,3.325136612
826,372,2.290322581
827,101,2.554455446
1749,712,5.240168539
1748,457,5.20131291
816,482,2.421161826
1690,216,3.768518519
2217,142,4.056338028
824,24,3.041666667
844,65,2.707692308
841,105,4.076190476
1689,0,0
792,52,2.846153846
2150,13,2.846153846
793,136,3.904411765
1090,134,2.955223881
1091,77,3.415584416
814,33,1.696969697
1746,5,2.6
591,79,2.886075949
494,201,3.36318408
324,458,3.102620087
1688,0,0
1252,333,2.081081081
1251,136,2.139705882
1765,8,2.375
1766,26,2.961538462
1747,2,2
842,123,4.016260163
1092,32,2.96875
2118,390,4.174358974
829,353,2.458923513
1325,0,0
806,0,0
828,221,2.520361991
2141,0,0
1691,52,2.846153846
348,0,0
734,105,2.723809524
1328,3,3.333333333
733,20,1.4
833,157,3.987261146
834,20,3.55
843,111,2.441441441
835,61,1.885245902
724,1406,2.684210526
721,111,2.18018018
836,178,2.640449438
762,370,3.013513514
837,182,3.038461538
795,33,1.818181818
823,169,3.035502959
1494,221,3.253393665
838,809,1.547589617
1664,641,2.831513261
700,0,0
840,271,2.904059041
839,53,2.377358491
706,54,2.907407407
704,14,1.928571429
719,10,1.9
716,85,2.658823529
913,0,0
702,199,2.190954774
701,0,0
703,0,0
712,110,1.154545455
711,0,0
714,431,1.56612529
715,44,1.840909091
912,18,1.5
909,0,0
908,6,1.333333333
910,1,1
710,16,1.0625
713,0,0
1692,4,4
709,44,2.045454545
1663,323,1.414860681
587,0,0
708,282,2.471631206
728,1136,2.580985915
723,111,1.684684685
727,250,2.132
1815,16,3.9375
726,3,2.666666667
895,0,0
1827,17,3.294117647
896,2,3.5
897,0,0
893,197,4.289340102
900,3,4
730,629,1.422893482
773,159,4.603773585
898,0,0
892,0,0
902,46,2.391304348
731,754,1.904509284
799,242,2.338842975
1493,1176,1.909863946
783,489,1.390593047
787,86,2.290697674
798,39,3.692307692
797,134,2.955223881
914,146,2.315068493
1254,80,2.5375
917,41,1.56097561
916,176,2.028409091
718,10,2.8
774,0,0
725,0,0
722,0,0
894,0,0
899,0,0
901,0,0
903,139,2.467625899
905,67,2.686567164
1502,7,1
919,0,0
904,0,0
906,0,0
911,27,2.185185185
771,53,1.622641509
2362,0,0
1329,394,2.64213198
579,26,1.307692308
808,237,2.092827004
809,241,4.394190871
580,2,2.5
1742,340,2.8
584,410,3.185365854
804,319,3.156739812
1837,24,2.208333333
1768,308,4.012987013
1086,0,0
1418,85,4.505882353
1417,135,4.488888889
807,0,0
1085,71,1.436619718
1043,0,0
822,50,4.48
818,1044,2.866858238
1327,77,5.337662338
585,13,4.923076923
1566,165,2.357575758
546,320,2.240625
1567,344,3.043604651
1791,5,1
91,15,3.066666667
2367,0,0
2364,0,0
2365,0,0
1250,8,3.25
2366,0,0
1249,1,3
2363,0,0
1246,208,2.971153846
1274,1,3
1305,190,2.273684211
1270,61,2.016393443
1262,157,3.089171975
1248,57,3.245614035
2360,0,0
2361,0,0
1271,239,2.556485356
1273,80,2.4125
1261,107,2.626168224
1272,20,2.2
2359,0,0
2358,0,0
1307,79,2.721518987
1300,47,3.361702128
1243,235,3.055319149
1301,34,2.029411765
1260,74,3.108108108
1256,109,2.990825688
1259,42,2.142857143
1302,48,3
1309,166,2.469879518
1308,104,2.423076923
1268,90,2.633333333
1269,51,2.196078431
1280,266,2.736842105
2206,71,2.211267606
1267,124,2.516129032
397,643,2.646967341
1544,548,4.052919708
429,186,2.215053763
1552,160,2.95
428,0,0
308,12,2.083333333
264,218,3.160550459
1977,0,0
1545,93,3.666666667
1546,145,3.062068966
1776,830,2.995180723
396,712,3.731741573
424,127,2.196850394
425,460,2.956521739
610,145,2.710344828
445,16,2.5625
300,450,3.155555556
1777,461,1.724511931
267,1,1
368,553,2.146473779
369,25,2.12
402,0,0
436,0,0
370,1152,1.826388889
371,767,1.530638853
1883,35,2.742857143
1881,148,2.533783784
1880,2,3
353,539,2.621521336
352,869,2.338319908
340,379,2.350923483
354,547,2.544789762
1573,531,2.062146893
357,323,1.430340557
1623,578,2.041522491
1882,158,2.594936709
1884,183,2.25136612
1622,772,1.874352332
1624,498,1.447791165
1409,34,1.941176471
1410,221,1.692307692
1963,545,3.218348624
327,148,2.445945946
328,295,2.362711864
1725,137,2.01459854
1681,19,1.526315789
316,415,1.910843373
325,315,2.165079365
1724,513,1.615984405
344,0,0
330,239,1.531380753
329,460,1.904347826
331,1380,1.497826087
346,847,2.432113341
1969,331,1.694864048
1968,0,0
1682,337,1.84272997
1988,65,1.384615385
1987,100,1.69
289,680,1.466176471
284,642,2.394080997
361,414,1.671497585
1727,581,1.746987952
1966,299,1.595317726
319,724,1.727900552
1559,633,1.55450237
1558,1410,1.531205674
347,455,1.923076923
290,590,1.877966102
1711,227,1.828193833
1967,152,1.677631579
1825,0,0
1560,294,2.659863946
1996,153,1.359477124
1648,390,3.882051282
1647,1223,3.148814391
1997,222,3.626126126
1633,700,2.274285714
1326,0,0
811,412,2.59223301
1087,36,1.527777778
1441,260,3.476923077
1716,133,2.804511278
1877,136,2.191176471
1539,159,2.761006289
1563,922,1.971800434
1442,181,2.861878453
1715,12,1.333333333
442,3768,2.915339703
1879,254,1.366141732
443,1119,3.63538874
1440,76,2.894736842
420,191,2.460732984
1543,167,3.221556886
1714,110,2.745454545
1444,116,1.422413793
1547,86,3.860465116
601,2,3.5
1439,171,2.918128655
411,40,4.575
1436,13,2.615384615
1437,181,2.784530387
1542,111,2.873873874
418,363,2.41322314
412,110,2.918181818
1548,8,3.25
1976,19,1.263157895
1522,126,3.047619048
1443,51,2.647058824
416,74,2.743243243
415,159,1.905660377
1523,304,2.838815789
1643,152,2.407894737
1550,188,2.808510638
1645,90,2.088888889
1644,100,3.18
1551,77,3.103896104
1549,85,2.741176471
1446,107,3.794392523
413,207,2.913043478
1411,385,2.342857143
417,338,2.286982249
1435,22,2.5
1445,128,2.25
414,194,2.128865979
1524,107,2.485981308
388,98,2.285714286
392,259,2.312741313
1898,0,0
384,0,0
377,0,0
385,0,0
391,171,2.251461988
387,0,0
386,0,0
349,0,0
1413,2,2
1627,0,0
362,0,0
363,0,0
1649,0,0
389,131,1.977099237
1903,0,0
1928,66,1.045454545
374,69,1.536231884
1728,421,2.03087886
1685,214,2.14953271
499,0,0
1774,55,5.018181818
497,98,2.06122449
444,1545,3.681553398
458,1417,1.709244884
459,512,3.39453125
427,1,3
1646,199,3.075376884
847,461,2.52494577
1497,653,2.010719755
1495,390,2.18974359
77,126,1.738095238
62,369,1.487804878
60,151,3.443708609
1496,421,2.128266033
100,1721,3.028471819
1980,802,2.99127182
1655,278,2.618705036
1657,480,2.58125
536,631,3.220285261
535,1928,2.497925311
1662,1011,2.194856578
99,607,2.276771005
89,1032,2.046511628
1421,535,2.557009346
1570,340,2.608823529
1568,0,0
86,2166,2.302400739
84,480,2.197916667
1569,597,1.86599665
82,1003,2.433698903
1420,1167,2.70437018
88,584,2.868150685
75,685,2.762043796
1660,487,2.858316222
525,533,2.711069418
98,2149,2.162401117
1501,101,3.673267327
42,270,2.366666667
1659,469,3.383795309
1661,1072,2.106343284
1348,0,0
1658,268,2.481343284
1656,385,2.451948052
479,315,1.961904762
1615,404,2.324257426
474,557,2.332136445
472,815,1.468711656
475,374,1.352941176
1614,186,1.887096774
1613,337,2.786350148
473,593,1.777403035
469,684,1.815789474
1652,464,2.370689655
468,1516,2.216358839
1609,998,2.453907816
480,1059,2.573182247
1687,599,2.051752922
457,1503,1.97338656
483,967,2.641158221
492,30,1.666666667
455,298,2.010067114
1562,806,1.549627792
456,421,1.653206651
1612,196,1.704081633
1611,388,2.378865979
478,228,1.478070175
476,539,2.359925788
1616,431,2.122969838
453,267,2.06741573
471,264,3.136363636
1606,204,1.857843137
451,1103,2.500453309
1608,207,1.826086957
452,578,1.612456747
1607,272,1.654411765
438,0,0
437,406,1.399014778
440,334,1.595808383
1519,379,3.408970976
477,395,1.936708861
1617,575,1.956521739
1618,666,1.773273273
1620,737,1.62550882
1619,66,1.454545455
403,94,1.319148936
439,0,0
1959,0,0
1957,264,1.189393939
512,1396,2.240687679
505,800,2.645
85,0,0
83,396,2.388888889
1499,1078,1.662337662
78,850,2.354117647
1500,29,1.448275862
41,371,2.366576819
34,40,3.9
335,0,0
336,120,2.341666667
271,196,2.428571429
311,62,3.35483871
339,520,3.061538462
312,126,2.134920635
338,141,2.553191489
314,221,2.524886878
310,110,2.845454545
1505,59,2.847457627
1520,1496,1.927807487
484,1312,1.594512195
1565,0,0
1965,420,1.9
355,527,2.814041746
315,202,2.371287129
341,2,4
342,389,1.861182519
1964,995,2.47839196
343,350,2.445714286
1726,10,2.7
1985,0,0
1984,1,1
326,761,1.462549277
1640,39,2.128205128
1954,11,1.636363636
375,181,1.613259669
1961,80,4.8
1962,245,3.085714286
356,467,4.190578158
360,239,4.246861925
1626,22,5.727272727
1557,503,5.429423459
376,233,1.321888412
359,137,3.729927007
1929,0,0
358,596,3.404362416
1625,232,5.00862069
67,168,2.666666667
1571,219,2.757990868
1498,262,2.557251908
81,396,2.924242424
1778,336,2.354166667
266,894,2.562639821
296,1067,2.635426429
1994,365,3.520547945
252,3,2.666666667
254,532,1.883458647
251,449,2.371937639
1632,659,2.8892261
1671,1880,2.569680851
1992,40,2.4
253,705,1.887943262
1732,419,3.281622912
1669,0,0
1526,146,4.465753425
1993,0,0
1438,56,2.196428571
1889,1,1
1713,334,2.604790419
407,0,0
408,529,2.219281664
409,388,1.164948454
1926,0,0
1927,0,0
1921,0,0
1924,43,2.23255814
1923,43,2.23255814
406,0,0
1922,0,0
1925,0,0
1948,0,0
1950,196,1.56122449
1891,72,1.847222222
1540,85,2.270588235
1919,0,0
1920,28,1.857142857
381,0,0
1917,18,2.055555556
1918,2,1.5
1916,0,0
1915,0,0
1914,0,0
1911,0,0
1937,2,1.5
1940,0,0
1936,67,1.791044776
1934,0,0
1942,0,0
1939,0,0
1935,0,0
378,0,0
1894,0,0
1892,0,0
1893,59,1.203389831
410,21,1.952380952
1890,36,1.388888889
1912,0,0
1909,0,0
1908,56,1.839285714
379,0,0
1910,0,0
1907,0,0
1905,0,0
1906,0,0
1913,2,4
849,0,0
1951,43,2.11627907
1638,17,2.294117647
1635,11,2.545454545
1953,8,2.375
1642,62,2.225806452
372,96,1.895833333
1955,3,5
1639,0,0
380,0,0
1944,0,0
1941,0,0
1933,0,0
1945,0,0
1931,0,0
1930,0,0
373,35,3.085714286
1932,4,1.25
1636,0,0
1904,0,0
1541,226,2.327433628
383,0,0
1897,0,0
382,0,0
1896,0,0
1902,96,2.114583333
1895,0,0
1899,0,0
1901,0,0
1637,0,0
1900,0,0
1878,393,2.368956743
1564,1031,1.990300679
441,883,1.890147225
1521,934,2.08137045
454,1342,1.678092399
405,165,2.072727273
1947,0,0
1946,0,0
1943,46,1.52173913
1952,0,0
1982,0,0
1981,218,1.917431193
1983,174,1.913793103
1641,0,0
1938,0,0
1958,233,2.17167382
1960,459,2.02832244
1949,135,1.555555556
1956,0,0
1610,280,2.510714286
1650,386,2.24611399
1538,646,1.732198142
345,100,1.9
1971,370,1.743243243
1986,118,2.296610169
853,83,2.843373494
1709,12,2.916666667
1708,22,2.090909091
857,52,3.365384615
1706,592,4.263513514
1113,83,3.34939759
1707,20,3.55
2,94,4.585106383
1416,709,5.667136812
1799,109,4.091743119
1705,49,4.489795918
929,605,5.294214876
1045,338,2.390532544
3,895,3.283798883
1046,539,3.254174397
924,52,2.846153846
1422,302,4.109271523
854,1098,4.005464481
851,895,3.306145251
1861,3,4
1704,15,3.666666667
103,158,5.139240506
1866,686,2.976676385
1869,2,2.5
1056,65,2.415384615
926,912,2.561403509
1868,1,2
1065,1256,2.784235669
1867,12,2.916666667
1415,0,0
1863,32,2.59375
1862,0,0
1864,0,0
1865,19,2.473684211
1068,137,2.299270073
2156,11,2.363636364
1105,149,2.32885906
2078,14,2.428571429
2014,50,2.8
2011,87,3.712643678
2013,10,2.4
1360,15,2.733333333
943,40,4.65
1427,21,3.047619048
2381,0,0
2090,757,2.468956407
2094,54,1.314814815
2101,782,1.966751918
2326,0,0
2317,0,0
2308,0,0
2327,0,0
2318,0,0
2309,0,0
2299,0,0
2290,0,0
2281,0,0
2300,0,0
2282,0,0
2291,0,0
2328,0,0
2329,0,0
2319,0,0
2310,0,0
2320,0,0
2311,0,0
2330,0,0
2321,0,0
2312,0,0
2301,0,0
2242,0,0
2279,0,0
2270,0,0
2280,0,0
2271,0,0
2261,0,0
2262,0,0
2252,0,0
2243,0,0
2253,0,0
2244,0,0
2383,0,0
2035,67,3.985074627
2302,0,0
2292,0,0
2283,0,0
2293,0,0
2284,0,0
2303,0,0
2294,0,0
2285,0,0
2272,0,0
2263,0,0
2254,0,0
2273,0,0
2264,0,0
2255,0,0
2245,0,0
2236,0,0
2246,0,0
2237,0,0
2274,0,0
2265,0,0
2275,0,0
2266,0,0
2256,0,0
2257,0,0
2276,0,0
2267,0,0
2258,0,0
2247,0,0
2238,0,0
2248,0,0
2239,0,0
2249,0,0
2240,0,0
2331,0,0
2322,0,0
2313,0,0
2332,0,0
2323,0,0
2314,0,0
2304,0,0
2286,0,0
2295,0,0
2305,0,0
2296,0,0
2287,0,0
2324,0,0
2315,0,0
2325,0,0
2316,0,0
2306,0,0
2307,0,0
2297,0,0
2288,0,0
2298,0,0
2289,0,0
2277,0,0
2268,0,0
2259,0,0
2278,0,0
2269,0,0
2260,0,0
2241,0,0
2250,0,0
2251,0,0
1849,2,1.5
145,1671,2.748055057
1408,719,2.730180807
108,1792,3.275669643
1842,278,4.039568345
181,573,2.116928447
1587,0,0
152,780,2.35
118,81,2.148148148
117,557,3.073608618
1054,178,2.775280899
7,2223,2.151147099
1800,596,3.040268456
1069,278,2.856115108
1870,46,3.913043478
930,4,5
1851,0,0
1406,2,4.5
570,0,0
1407,0,0
949,0,0
1007,3,1
1008,216,3.407407407
1852,165,3.139393939
948,60,1.95
1854,436,3.009174312
1481,118,2.923728814
2170,10,2.4
958,92,2.576086957
1343,109,2.660550459
2163,34,2.058823529
1761,0,0
1743,17,2.705882353
2209,4,2.25
