geoid,county,rent_cost,housing_mortgage,medincome,commuter,pop_housing,totpop,HHsize,HH,HousingUnits,OwnerUnits,RentalUnits,vehicle,public_transit,drivealone
480219501001,021,0,2194,88025,906,2017,2017,3.74,539,725,499,40,,0,552
480219501002,021,963,1169,88472,896,2031,2031,2.99,680,794,606,74,1476.0,0,705
480219501003,021,1045,934,58909,787,1731,1731,2.72,637,690,479,158,1398.0,0,634
480219501004,021,0,1881,79485,495,1388,1388,2.91,477,544,419,58,,0,409
480219501005,021,1047,1169,63542,531,1131,1131,3.19,354,488,295,59,870.0,0,442
480219502001,021,1274,1301,62225,911,2008,2126,3.91,513,611,365,148,1146.0,0,757
480219502002,021,1225,1597,64375,1188,3182,3182,3.73,852,912,507,345,1645.0,0,1120
480219502003,021,854,887,90093,1352,2053,2053,4.26,482,532,272,210,1245.0,0,1119
480219502004,021,383,0,0,188,757,801,2.92,259,400,52,207,,0,136
480219502005,021,948,1411,46518,606,1211,1211,3.23,375,375,135,240,692.0,0,374
480219503001,021,1280,1541,75978,547,1263,1263,2.9,436,436,250,186,993.0,0,464
480219503002,021,1415,1725,95121,2245,6214,6281,3.44,1808,1957,1535,273,4051.0,0,1956
480219503003,021,1097,1395,73214,1083,2488,2488,3.26,764,879,663,101,1726.0,0,971
480219503004,021,1359,1391,96842,1132,2611,2611,3.26,802,802,618,184,1859.0,0,863
480219503005,021,1199,1337,52262,960,3391,3391,2.77,1224,1499,1090,134,2450.0,0,836
480219504001,021,718,1330,0,585,1266,1266,2.86,443,506,267,176,750.0,0,387
480219504002,021,831,1201,41011,1023,2085,2275,2.4,869,969,526,343,1446.0,0,910
480219504003,021,1250,2060,75735,607,1183,1191,2.43,486,548,350,136,852.0,0,494
480219504004,021,1209,1113,78472,1230,2066,2387,2.47,838,988,415,423,1639.0,0,963
480219504005,021,1199,1444,80000,970,2256,2256,2.56,880,1025,761,119,1769.0,0,677
480219505011,021,847,1314,52120,1559,3104,3137,3.45,899,1276,711,188,1979.0,0,1456
480219505012,021,1132,1429,46897,1027,2649,2649,4.15,638,753,517,121,1496.0,0,802
480219505013,021,0,1509,97868,764,1429,2802,2.94,486,568,467,19,,0,705
480219505021,021,0,1582,82250,1387,2889,2889,2.72,1061,1230,1001,60,,0,1156
480219505022,021,715,1558,55568,914,2031,2031,3.06,664,801,549,115,1466.0,0,747
480219505023,021,0,1510,64028,395,1466,1466,3.23,454,527,371,83,839.0,0,257
480219506001,021,1109,1190,59063,1034,2958,2976,3.33,888,1172,719,169,1921.0,0,848
480219506002,021,1550,1296,57379,460,977,977,2.34,417,648,326,91,836.0,0,306
480219506003,021,0,1673,72763,636,1547,1547,2.44,634,804,613,21,,0,509
480219507001,021,0,1563,80729,522,1161,1260,2.51,463,500,403,60,1049.0,13,367
480219507002,021,0,1667,61953,361,700,716,2.53,277,363,199,78,486.0,1,256
480219507003,021,932,1475,53793,576,1147,1147,2.58,444,541,269,175,745.0,0,498
480219507004,021,1261,1409,48882,690,1456,1456,2.69,541,716,334,207,927.0,14,544
480219508011,021,1546,1380,53922,841,2630,2630,4.11,640,689,516,124,1225.0,0,770
480219508012,021,0,1613,67941,570,1623,1623,3.33,488,531,442,46,,15,502
480219508013,021,1086,1429,82019,1567,3761,3761,5.4,696,772,526,170,2046.0,0,1155
480219508021,021,1430,1516,68284,2538,5544,5544,3.91,1418,1545,1275,143,3544.0,0,1979
480219508022,021,0,1194,61932,581,1475,1475,4.9,301,399,201,100,586.0,0,438
480219508023,021,982,1250,47011,798,1356,1356,3.05,444,520,319,125,1042.0,0,496
480539601001,053,697,2091,64050,886,2205,2205,2.9,761,1002,601,160,1819.0,15,655
480539601002,053,1026,1468,80455,1084,2355,2424,3.37,698,721,582,116,1738.0,8,938
480539601003,053,0,1090,63548,1428,2823,2823,3.42,826,976,734,92,1943.0,0,847
480539602001,053,964,1583,73281,777,1874,1874,3.1,605,761,513,92,1481.0,0,483
480539602002,053,0,1681,56500,491,1085,1085,2.29,474,912,468,6,,0,430
480539603001,053,713,1159,38529,985,1987,1987,2.81,706,832,562,144,1122.0,0,886
480539603002,053,669,1566,55838,684,1280,1287,3.26,393,393,231,162,886.0,0,381
480539603003,053,1350,1658,76103,669,1291,1291,3.13,413,464,335,78,905.0,0,394
480539603004,053,0,1008,73021,396,597,612,2.73,219,307,77,142,539.0,0,381
480539603005,053,629,1221,58388,441,1028,1498,2.63,391,544,190,201,692.0,0,437
480539604001,053,1287,2083,39026,579,1246,1246,2.4,519,1073,385,134,937.0,0,537
480539604002,053,0,1193,62426,752,1903,1903,2.82,676,1078,587,89,1521.0,0,495
480539604003,053,0,1750,61893,672,2331,2333,2.48,940,1098,897,43,,0,566
480539605001,053,0,1212,48926,1062,2247,2247,3.19,705,1037,649,56,,0,719
480539605002,053,0,1688,69331,466,1178,1178,2.53,465,769,423,42,1046.0,0,279
480539605003,053,1621,948,50191,807,1800,1800,4.58,393,714,289,104,886.0,0,735
480539605004,053,0,1269,0,511,1062,1062,2.17,490,979,477,13,,0,361
480539606001,053,1008,1419,85125,987,2137,2137,2.8,764,1019,700,64,1590.0,0,801
480539606002,053,1664,1829,80500,721,1841,1841,2.39,770,907,713,57,1482.0,0,615
480539607001,053,0,1148,78521,621,1664,1675,2.75,606,666,361,245,934.0,0,615
480539607002,053,805,1568,33286,540,1383,1406,2.03,680,701,334,346,960.0,0,399
480539607003,053,1057,1159,47113,558,1250,1250,1.96,639,773,266,373,759.0,0,383
480539607004,053,650,1631,54722,650,1424,1424,2.08,684,878,291,393,933.0,0,581
480539607005,053,793,1556,42978,824,1576,1576,2.8,562,739,218,344,921.0,0,485
480539608001,053,0,1537,116103,815,1842,1842,2.65,695,1077,653,42,,0,606
480539608002,053,1092,1290,57703,1397,2589,2589,3.16,819,1076,661,158,1699.0,0,1010
480539608003,053,719,3060,82500,847,1918,1935,2.26,850,1297,727,123,1882.0,0,573
480559601011,055,977,1256,58333,942,2073,2073,3.49,594,610,441,153,1355.0,0,887
480559601012,055,1024,1298,48795,1657,4090,4090,3.97,1029,1090,826,203,2352.0,0,1530
480559601013,055,0,1216,57336,836,1725,1725,2.75,627,752,483,144,1403.0,0,718
480559601021,055,646,1360,57604,1142,2862,2862,2.71,1058,1202,882,176,2180.0,0,818
480559601022,055,1013,1385,49750,602,1307,1447,3.01,434,543,309,125,975.0,0,548
480559602001,055,881,868,50925,442,1324,1495,3.14,421,441,289,132,870.0,0,415
480559602002,055,854,1433,74335,819,1838,1913,2.71,677,677,416,261,1241.0,0,668
480559602003,055,675,0,48527,90,191,1493,1.5,127,127,71,56,187.0,0,67
480559602004,055,1328,0,52361,226,668,668,3.93,170,193,100,70,270.0,0,174
480559603001,055,1432,1777,48942,630,1658,1658,2.73,607,681,446,161,1140.0,0,541
480559603002,055,945,2097,77014,535,1122,1122,3.07,365,388,266,99,840.0,0,360
480559603003,055,1029,1349,60809,1060,1646,1646,2.67,617,668,352,265,1252.0,0,874
480559604001,055,949,1108,45461,918,1739,1739,3.24,537,614,313,224,977.0,0,618
480559604002,055,873,1351,57232,1019,1901,1984,2.46,774,850,358,416,1409.0,0,794
480559605001,055,745,1380,46313,627,1395,1395,2.57,542,629,419,123,1038.0,0,525
480559605002,055,1032,908,92978,758,1493,1493,2.96,505,565,420,85,1180.0,0,690
480559605003,055,842,1438,57586,1200,2244,2244,2.82,796,887,524,272,1590.0,0,977
480559605004,055,815,0,51193,1088,636,2544,2.68,237,237,62,175,385.0,0,514
480559606001,055,1119,1485,67656,651,1274,1274,2.29,557,580,488,69,1228.0,0,447
480559606002,055,944,1337,71324,561,1221,1221,2.5,488,594,388,100,1049.0,0,463
480559607001,055,963,0,0,588,911,983,2.23,409,460,192,217,630.0,0,499
480559607002,055,0,0,0,176,476,476,2.75,173,209,101,72,,0,117
480559607003,055,1013,0,0,562,1702,1748,2.65,642,687,246,396,957.0,0,515
480559607004,055,625,3026,49831,432,1098,1098,2.34,469,548,321,148,1051.0,0,255
480559607005,055,561,930,0,817,1675,1753,2.77,605,657,358,247,1029.0,0,627
482090101001,209,1031,994,29884,918,1364,1515,2.11,647,773,111,536,1029.0,0,532
482090101002,209,1146,1885,67212,543,847,847,2.15,394,508,255,139,703.0,12,400
482090102001,209,994,0,20329,542,744,980,1.97,377,439,111,266,647.0,0,394
482090102002,209,1159,1602,33750,1216,788,3926,2.68,294,318,82,212,618.0,13,728
482090102003,209,0,0,2499,300,98,1284,2.13,46,59,5,41,,0,135
482090103021,209,1079,1100,38856,738,1629,1629,2.76,590,692,202,388,877.0,0,584
482090103022,209,967,1107,41743,2080,3219,3224,2.39,1348,1357,356,992,2325.0,0,1678
482090103031,209,1171,964,49833,1019,1552,1552,2.24,692,739,269,423,1211.0,0,866
482090103032,209,1083,1424,31130,1644,3148,3538,2.89,1088,1179,369,719,2295.0,23,1328
482090103033,209,1141,0,38333,2611,3929,4007,2.42,1626,1875,0,1626,2608.0,94,2065
482090103041,209,934,0,17396,593,1292,1292,1.57,824,860,49,775,1145.0,32,491
482090103042,209,688,0,23221,341,904,904,2.64,342,342,0,342,413.0,36,237
482090103043,209,958,0,37067,1977,3722,3722,2.38,1565,1735,147,1418,2330.0,50,1466
482090103044,209,976,0,28205,1192,1279,2005,1.74,735,768,130,605,,19,932
482090104001,209,0,1169,57300,417,737,737,2.77,266,306,242,24,,0,350
482090104002,209,1183,1386,41646,1973,3181,3292,2.21,1442,1594,328,1114,2243.0,55,1647
482090104003,209,1442,1374,53515,3946,7984,8110,3.11,2565,2577,1268,1297,4952.0,91,3334
482090105001,209,1077,735,45186,1461,2872,2872,2.28,1261,1383,192,1069,1774.0,0,1178
482090105002,209,1096,761,41964,1286,2272,2272,3.05,746,879,330,416,1326.0,0,995
482090106001,209,1037,0,37782,876,1064,1132,1.94,548,548,34,514,,0,701
482090106002,209,1760,1790,0,487,1620,1620,2.96,548,548,204,344,1379.0,0,322
482090106003,209,0,1212,82321,1008,1612,1612,3.51,459,459,263,196,1317.0,0,547
482090106004,209,869,1606,70708,1458,2921,2929,2.37,1235,1370,944,291,2524.0,0,1267
482090106005,209,0,1670,79726,687,1806,1806,2.91,620,620,574,46,,0,613
482090106006,209,924,2253,85516,1715,3007,3007,2.31,1301,1353,1005,296,2823.0,0,1489
482090107011,209,1155,1215,47120,1327,2657,2665,3.45,771,829,320,451,1478.0,11,834
482090107012,209,1103,0,20632,537,649,649,2.03,319,319,39,280,388.0,0,260
482090107013,209,951,2150,33413,2339,3430,3624,2.2,1557,1844,192,1365,2863.0,42,1926
482090107014,209,1570,2129,62803,1124,1739,1739,2.31,752,864,289,463,1469.0,23,866
482090107021,209,711,1750,38241,739,1522,1575,2.98,510,607,187,323,1050.0,50,531
482090107022,209,797,1299,75329,685,1318,1318,2.61,505,614,429,76,1135.0,0,527
482090108031,209,641,1443,55174,828,1853,1853,2.33,796,935,584,212,1716.0,0,658
482090108032,209,835,2076,88078,756,1751,1751,2.51,697,887,563,134,1580.0,0,567
482090108033,209,1539,2087,94531,362,993,1001,2.41,412,460,328,84,941.0,0,326
482090108041,209,0,1470,83385,961,1739,1739,2.39,727,997,646,81,,0,780
482090108042,209,1178,3029,147235,1390,2640,2731,2.66,991,1122,932,59,2312.0,0,873
482090108043,209,1669,1389,64955,1360,2952,2952,2.5,1181,1374,1012,169,2333.0,0,1105
482090108044,209,1380,1593,67935,1182,2037,2037,2.57,794,897,655,139,1709.0,0,941
482090108051,209,1446,3038,154135,1461,3447,3447,3.43,1005,1021,876,129,2069.0,0,1011
482090108052,209,1393,2876,126000,814,1767,1767,3.14,562,564,543,19,1399.0,1,616
482090108053,209,0,3206,138833,633,1151,1151,2.51,458,458,447,11,,0,454
482090108054,209,0,2968,148188,1092,2891,2891,3.18,909,909,870,39,,15,796
482090108061,209,1279,3092,103295,841,1526,1526,3.22,474,490,340,134,1061.0,0,635
482090108062,209,823,2802,100673,1722,3228,3262,2.86,1129,1221,980,149,2724.0,0,1398
482090108071,209,1380,2820,103438,1084,1968,2030,2.83,695,755,509,186,1638.0,0,809
482090108072,209,920,3006,77083,287,637,637,2.42,263,313,235,28,552.0,0,204
482090108081,209,0,2760,108848,727,1490,1490,2.68,555,631,490,65,1366.0,0,515
482090108082,209,1412,2313,118852,1033,2372,2380,2.97,800,872,613,187,1852.0,16,776
482090108083,209,1160,1852,73158,1212,2198,2198,2.67,822,858,669,153,1696.0,0,881
482090108091,209,1551,2488,128235,1808,3675,3675,2.86,1284,1284,1194,90,3358.0,0,1373
482090108092,209,2536,2775,151181,1341,2167,2167,2.85,761,804,670,91,2008.0,0,868
482090109011,209,0,2998,134412,1316,2796,2796,2.8,998,998,940,58,,0,923
482090109012,209,0,1675,80656,868,2021,2021,2.43,831,847,831,0,1820.0,0,675
482090109013,209,1723,2504,91750,1103,2549,2549,2.76,922,969,875,47,2347.0,0,818
482090109014,209,0,1805,130104,506,944,944,3.59,263,263,244,19,,0,417
482090109021,209,0,2854,108366,963,1894,1894,2.82,671,671,671,0,1707.0,0,722
482090109022,209,1430,1789,71169,3144,5436,5436,2.6,2088,2178,693,1395,3799.0,0,2878
482090109023,209,1205,2026,72088,1289,2331,2336,2.81,829,860,634,195,1630.0,0,1168
482090109024,209,2054,2211,123476,3514,7204,7204,3.25,2218,2218,2111,107,4420.0,0,3153
482090109025,209,1815,1898,102500,737,1382,1382,3.02,458,460,429,29,1018.0,0,656
482090109051,209,1236,1913,88173,1739,3344,3344,2.47,1352,1459,1052,300,2541.0,0,1523
482090109052,209,0,1907,98750,1137,2366,2366,2.92,811,811,811,0,1778.0,0,924
482090109053,209,965,1342,45852,671,1582,1582,2.43,652,652,401,251,1185.0,0,648
482090109061,209,1664,1664,93963,4111,7765,7765,3.46,2242,2242,1776,466,5450.0,0,3217
482090109062,209,1575,1485,61948,2095,3723,4173,2.76,1350,1429,1079,271,2403.0,0,1610
482090109063,209,1323,1231,57909,974,1849,1849,3.2,577,605,460,117,1168.0,0,829
482090109064,209,1696,1619,80243,1942,3064,3064,2.72,1128,1170,952,176,2297.0,0,1500
482090109071,209,1053,1302,58036,1312,2845,2845,3.8,748,814,498,250,1649.0,0,847
482090109072,209,973,1175,42067,682,2333,2333,4.21,554,627,471,83,1268.0,0,536
482090109073,209,1332,1538,69100,3026,6977,6977,3.61,1934,2037,1148,786,4424.0,0,2606
482090109074,209,1282,891,47963,995,2311,2311,4.25,544,604,413,131,1276.0,17,824
482090109081,209,1124,2055,67269,2857,5278,5278,2.77,1907,2019,1263,644,3464.0,0,2311
482090109082,209,1231,1687,78790,5207,10170,10170,3.58,2842,2941,2187,655,5986.0,55,4431
482090109091,209,2073,1296,84405,620,1494,1494,3.21,466,496,242,224,1003.0,0,570
482090109092,209,1756,1744,94281,1136,2197,2197,2.76,797,797,569,228,1481.0,0,969
482090109093,209,1373,1722,61629,2355,4608,4608,2.59,1777,1937,737,1040,2784.0,0,1899
482090109101,209,1453,1373,75436,967,1928,1928,2.93,657,756,524,133,1275.0,0,825
482090109102,209,1150,1223,71738,712,1323,1323,2.87,461,573,210,251,1013.0,0,665
482090109103,209,1249,1365,89459,1749,3742,3742,3.62,1034,1034,761,273,2103.0,0,1450
482090109104,209,1655,1711,97500,1867,3386,3386,3.26,1038,1038,675,363,2254.0,0,1568
484530001011,453,0,2799,110703,497,812,812,2.34,347,400,316,31,,19,391
484530001012,453,2402,3859,169492,926,1466,1466,2.71,541,571,438,103,1113.0,0,789
484530001013,453,1745,3232,73234,1109,2133,2133,1.74,1229,1339,403,826,1622.0,66,846
484530001021,453,0,3282,183167,706,1524,1544,2.06,740,821,682,58,1327.0,5,530
484530001022,453,0,4001,207500,519,1036,1036,2.64,392,392,371,21,,0,399
484530002031,453,1801,0,74250,1201,1716,2334,1.94,884,1008,0,884,1156.0,146,778
484530002041,453,1114,2917,33045,692,1237,1237,1.92,643,782,186,457,847.0,77,382
484530002042,453,1279,2888,87361,648,1234,1281,2.1,587,649,382,205,870.0,10,496
484530002043,453,1184,3507,159219,340,566,578,2.07,273,282,169,104,405.0,25,221
484530002051,453,1455,2417,95357,1208,1477,1477,1.78,832,914,279,553,1331.0,67,858
484530002052,453,1151,1972,63750,1548,1905,1905,1.54,1238,1375,195,1043,1409.0,393,815
484530002053,453,1267,3607,112083,466,548,548,1.96,279,320,132,147,530.0,37,275
484530002061,453,1875,3382,105833,799,1331,1331,2.23,596,650,449,147,1010.0,8,643
484530002062,453,2000,3058,165556,440,784,784,2.63,298,305,266,32,586.0,6,340
484530002063,453,1201,2231,53438,882,1260,1260,1.63,771,841,54,717,994.0,76,653
484530003021,453,1153,3645,66825,775,1086,1086,1.85,588,604,202,386,815.0,76,447
484530003022,453,1139,0,45313,739,1036,1068,1.76,588,688,62,526,700.0,266,287
484530003023,453,1717,3529,113790,567,992,992,2.08,476,537,227,249,617.0,42,321
484530003024,453,1275,2961,65563,671,1018,1018,2.55,400,529,120,280,541.0,128,389
484530003025,453,1230,3938,57269,740,1071,1071,1.72,622,754,225,397,880.0,127,370
484530003041,453,1112,2188,47500,910,1160,1174,1.73,670,820,127,543,882.0,138,582
484530003042,453,1600,2886,98088,1362,1953,1953,2.57,760,855,297,463,1448.0,157,882
484530003051,453,1690,3000,101250,972,1528,1528,2.39,640,693,320,320,1145.0,44,626
484530003052,453,1172,2615,52955,689,948,948,1.88,504,535,144,360,819.0,105,465
484530003053,453,1388,2231,62109,1141,1617,1617,2.09,772,836,241,531,1270.0,43,898
484530003061,453,1588,2779,93750,3898,6011,6029,2.14,2805,3047,1356,1449,4248.0,165,2829
484530003071,453,1423,2553,94423,1242,1820,1820,2.23,816,885,466,350,1379.0,69,902
484530004011,453,1819,1896,98375,1355,1713,1713,2.13,804,919,373,431,1332.0,41,880
484530004012,453,1466,2500,33571,1399,2270,2516,2.1,1080,1237,136,944,1569.0,53,717
484530004021,453,1360,1810,62887,1016,1427,1427,1.77,804,804,202,602,1104.0,110,769
484530004022,453,1080,1563,38884,559,1121,1350,2.76,406,463,198,208,548.0,24,361
484530004023,453,1149,2578,61700,676,884,884,2.06,430,557,193,237,658.0,33,379
484530005001,453,1065,0,25945,520,891,891,1.98,449,610,29,420,576.0,69,229
484530005002,453,1354,0,54267,963,1344,1364,2.33,577,808,46,531,780.0,116,654
484530005003,453,1210,0,92632,535,918,963,2.28,402,478,96,306,627.0,14,330
484530005004,453,1145,0,51023,667,1189,1213,1.88,633,700,214,419,951.0,33,390
484530006011,453,1118,0,19120,383,777,1249,2.81,277,339,0,277,418.0,29,208
484530006012,453,1722,0,2499,2590,61,9083,3.05,20,25,0,20,,59,1110
484530006031,453,1620,0,0,595,899,1056,2.44,368,592,51,317,453.0,0,442
484530006032,453,1697,0,17656,1178,2320,2478,3.45,672,886,16,656,,223,615
484530006033,453,1894,0,2499,499,1375,1791,3.4,405,405,27,378,,14,221
484530006034,453,1668,0,4823,331,1054,1217,2.88,366,366,0,366,587.0,0,171
484530006035,453,1194,0,5287,653,1400,1712,2.23,629,742,7,622,777.0,15,270
484530006041,453,1105,0,0,549,1200,1274,2.19,548,693,29,519,,0,359
484530006042,453,1262,0,6818,966,2044,3272,3.06,668,865,0,668,549.0,33,225
484530006043,453,1310,0,8761,883,1663,3002,2.72,611,698,38,573,,29,450
484530007001,453,1229,1702,57708,761,1370,1388,1.88,729,898,277,452,857.0,37,437
484530008011,453,912,1726,51944,882,1718,1794,2.65,648,752,369,279,1220.0,13,610
484530008021,453,0,1813,97955,958,1520,1520,3.04,500,542,316,184,928.0,10,740
484530008022,453,272,1871,21585,374,1090,1113,2.35,464,488,73,391,312.0,53,278
484530008023,453,380,1386,0,418,1159,1159,3.3,351,351,70,281,416.0,34,245
484530008031,453,1822,2388,102237,917,1225,1225,2.53,484,518,276,208,836.0,71,680
484530008032,453,1216,1970,86250,578,694,793,2.2,315,400,128,187,474.0,62,365
484530008033,453,1083,2829,96316,637,923,923,3.0,308,374,162,146,591.0,0,374
484530008041,453,0,2417,42750,661,1138,1138,2.62,434,509,223,211,589.0,79,361
484530008042,453,522,1768,0,726,1520,1520,2.57,591,632,217,374,761.0,26,446
484530009011,453,1758,2357,73672,536,797,797,2.21,360,419,241,119,646.0,7,324
484530009012,453,1807,3174,103843,1198,1455,1807,2.02,719,848,97,622,941.0,28,747
484530009021,453,2644,1807,61300,487,998,1021,2.64,378,423,304,74,681.0,40,306
484530009022,453,1176,2230,0,1345,2014,2014,1.9,1059,1131,306,753,1247.0,0,764
484530009023,453,890,0,38750,447,997,1004,2.67,374,497,132,242,519.0,0,275
484530009024,453,1626,2190,80250,895,1542,1542,1.65,935,1129,158,777,894.0,23,612
484530010001,453,1417,3080,59097,319,535,535,2.37,226,281,180,46,352.0,0,203
484530010002,453,1656,2469,96563,373,631,684,2.25,280,326,210,70,576.0,0,259
484530010003,453,2246,2790,105972,851,1275,1275,3.13,407,407,201,206,831.0,37,443
484530010004,453,1313,3000,56852,242,450,450,2.37,190,246,126,64,281.0,28,160
484530010005,453,620,3142,26356,276,589,589,1.48,398,475,100,298,367.0,8,227
484530011001,453,2409,2969,114115,3959,4400,4992,1.38,3181,3981,1084,2097,3809.0,159,1988
484530011002,453,2208,2671,163675,1864,2418,2418,1.71,1411,1734,473,938,1890.0,0,1304
484530012001,453,721,4001,37564,685,1074,1074,1.8,598,616,161,437,733.0,178,369
484530012002,453,2219,3669,120469,3117,3974,3974,1.7,2331,2941,544,1787,3116.0,56,1590
484530012003,453,1193,3270,64180,570,809,809,1.35,600,652,179,421,756.0,0,318
484530013031,453,1903,2565,87436,1274,1833,1833,1.63,1122,1515,441,681,1590.0,47,802
484530013032,453,1678,3000,76681,1685,2378,2438,1.57,1517,1872,365,1152,1829.0,44,1065
484530013033,453,2161,3069,107765,525,822,822,2.12,387,431,345,42,758.0,0,317
484530013041,453,1605,3113,83266,1193,1444,1444,1.82,795,806,342,453,1247.0,72,818
484530013042,453,1582,3438,135938,854,1354,1363,2.35,576,595,469,107,1016.0,18,563
484530013043,453,1469,3114,115847,507,933,933,2.25,414,442,240,174,578.0,0,306
484530013044,453,1420,3058,112500,623,853,853,2.0,426,446,227,199,862.0,21,335
484530013051,453,1598,4001,80799,1099,1322,1322,1.55,851,912,81,770,1133.0,75,751
484530013052,453,1168,3039,66544,895,1762,1762,2.43,725,846,403,322,944.0,22,606
484530013053,453,1441,2769,61538,874,1253,1288,1.58,792,915,433,359,1092.0,0,538
484530013054,453,1843,2807,114762,950,1272,1272,2.11,602,724,404,198,1113.0,64,684
484530013071,453,1085,2089,45781,630,849,869,1.5,567,600,157,410,730.0,23,487
484530013072,453,1181,2513,84712,494,661,667,2.07,319,342,217,102,584.0,41,295
484530013073,453,1259,3014,65938,1210,2190,2190,2.13,1029,1188,413,616,1356.0,59,855
484530013081,453,1867,2232,64375,238,510,510,2.04,250,250,180,70,430.0,0,141
484530013082,453,1078,1738,46471,434,585,585,2.22,264,289,101,163,374.0,0,348
484530013083,453,1559,2180,63723,1069,1283,1283,1.72,748,766,83,665,1081.0,82,795
484530013084,453,1216,2639,72643,525,676,676,1.67,404,443,170,234,620.0,15,355
484530014011,453,1830,2288,82679,1559,1871,1871,1.65,1131,1312,250,881,1652.0,60,1087
484530014012,453,1533,3518,85700,846,1196,1302,2.14,558,616,299,259,920.0,41,532
484530014021,453,2719,4001,146563,453,833,833,2.24,372,428,272,100,612.0,0,302
484530014022,453,1245,3047,119471,468,753,753,1.89,399,423,330,69,755.0,0,322
484530014023,453,1286,2737,75500,696,928,928,1.71,544,693,192,352,712.0,12,476
484530014031,453,1154,2214,64728,562,875,875,2.11,415,448,103,312,598.0,55,413
484530014032,453,1464,1747,58281,620,928,928,2.39,389,429,184,205,647.0,7,524
484530015011,453,1343,1461,88221,1006,1314,1333,1.95,675,753,334,341,981.0,116,760
484530015012,453,2667,3063,125540,876,1764,1764,2.94,601,662,474,127,1129.0,9,659
484530015013,453,0,3040,130597,515,1082,1093,2.41,449,449,408,41,,0,386
484530015014,453,1793,2905,117431,782,1392,1392,2.35,592,686,461,131,1113.0,13,579
484530015031,453,1582,2321,61523,1110,1488,1488,2.13,699,772,200,499,917.0,138,703
484530015032,453,1081,0,52813,550,669,669,2.43,275,350,12,263,,59,400
484530015033,453,1188,2172,68000,916,1331,1331,2.12,628,654,245,383,1078.0,46,664
484530015034,453,2083,1417,77750,627,902,902,2.42,372,408,237,135,730.0,36,463
484530015041,453,1415,2491,91596,1932,2527,2527,2.08,1212,1409,294,918,1800.0,164,1448
484530015042,453,2014,2463,83571,503,826,826,2.33,354,403,257,97,542.0,14,299
484530015043,453,1177,2419,111944,786,1517,1522,2.59,586,586,412,174,1087.0,0,634
484530015044,453,1205,2192,143750,1277,1829,1958,2.5,732,781,538,194,1132.0,0,1050
484530015051,453,1736,2743,107027,407,709,709,2.0,354,495,283,71,608.0,31,267
484530015052,453,1150,1823,52273,916,1507,1515,2.06,730,749,247,483,1134.0,19,732
484530015053,453,1442,2971,68024,1072,1497,1502,2.03,737,737,282,455,1269.0,109,622
484530015054,453,1132,1998,77639,696,1055,1055,1.92,550,550,217,333,821.0,21,604
484530016021,453,1423,3192,101625,992,1435,1435,1.97,729,774,484,245,1172.0,8,733
484530016022,453,1856,4001,116500,535,771,771,1.86,414,494,141,273,673.0,19,437
484530016023,453,775,0,32073,869,1158,1158,2.15,538,635,0,538,614.0,456,360
484530016031,453,2260,3198,160938,487,1014,1014,2.83,358,405,299,59,664.0,16,363
484530016032,453,1550,2939,118523,601,1003,1003,2.35,427,450,328,99,812.0,0,495
484530016033,453,0,4001,200375,261,537,537,2.59,207,243,196,11,,0,214
484530016034,453,2583,4001,208942,421,977,977,3.08,317,340,274,43,722.0,8,321
484530016035,453,1684,3719,150417,961,1705,1705,3.17,538,630,389,149,1202.0,0,721
484530016041,453,2729,3860,183929,567,1337,1337,2.43,550,680,485,65,1030.0,0,465
484530016042,453,2091,3711,169038,320,678,678,2.49,272,287,238,34,475.0,0,268
484530016043,453,1792,4001,180313,374,954,954,2.59,369,405,337,32,662.0,0,315
484530016044,453,0,4001,0,585,1038,1038,2.24,464,491,334,130,868.0,0,458
484530016051,453,1316,4001,180234,895,1689,1694,2.57,656,777,464,192,1293.0,0,801
484530016052,453,1515,3246,99583,536,730,730,1.71,428,523,225,203,756.0,16,408
484530016053,453,1618,4001,139559,468,703,703,2.21,318,433,180,138,604.0,18,325
484530016054,453,1214,4001,71774,593,825,841,1.66,496,524,239,257,707.0,0,343
484530016061,453,0,0,0,8,0,16,0.0,0,0,0,0,0.0,2,1
484530017051,453,1533,4001,134038,563,1064,1064,2.06,516,596,269,247,919.0,0,466
484530017052,453,0,3479,196836,497,1321,1321,2.73,483,483,462,21,,0,339
484530017053,453,0,4001,124453,420,840,840,2.09,401,401,371,30,,0,277
484530017054,453,1535,3370,95927,1011,1631,1693,1.91,854,944,404,450,1285.0,0,724
484530017061,453,1637,2686,118661,469,1062,1062,2.12,501,501,408,93,985.0,0,351
484530017062,453,1218,2361,63750,993,1485,1485,1.98,750,783,309,441,1188.0,0,731
484530017063,453,1346,2525,91413,889,1347,1347,1.84,734,734,370,364,1041.0,13,634
484530017071,453,1149,2397,56188,840,1568,1580,1.67,941,941,512,429,1321.0,0,602
484530017072,453,1535,2298,92321,1572,2615,2615,2.31,1134,1186,450,684,1864.0,17,1314
484530017073,453,1361,2761,130391,666,1091,1091,2.46,443,443,336,107,963.0,0,477
484530017121,453,1375,2474,84688,882,1470,1479,2.02,726,794,499,227,1183.0,49,655
484530017122,453,1233,1865,53558,932,2233,2249,2.63,849,1015,270,579,1207.0,30,663
484530017123,453,1238,2046,90575,412,829,829,2.4,345,369,189,156,598.0,0,319
484530017131,453,1326,1895,64063,1372,1891,1896,2.15,879,955,443,436,1471.0,108,869
484530017132,453,1643,3013,123571,472,713,713,2.88,248,248,150,98,603.0,10,342
484530017133,453,1758,2003,90080,1228,1881,1881,2.13,885,904,618,267,1509.0,49,923
484530017141,453,1238,2991,75627,6049,9406,9732,2.22,4237,4701,1176,3061,7494.0,30,4338
484530017142,453,0,2955,159565,1619,3553,3553,3.05,1166,1166,1120,46,,56,1097
484530017143,453,0,2541,176250,1098,1745,1745,2.59,674,674,674,0,1965.0,0,757
484530017161,453,1493,3159,94949,1989,3577,3577,2.49,1437,1546,633,804,2458.0,0,1690
484530017162,453,1695,2963,126522,2400,3719,3719,2.24,1662,1714,904,758,2977.0,0,1999
484530017181,453,1186,2656,54676,1297,1949,1949,1.92,1015,1141,200,815,1476.0,176,961
484530017182,453,1941,2956,116908,988,1650,1650,2.67,617,677,557,60,1130.0,0,730
484530017183,453,0,2953,51694,441,819,825,2.09,392,392,364,28,,0,309
484530017184,453,1682,3080,101305,904,1821,1821,2.06,883,911,427,456,1419.0,0,605
484530017191,453,2215,3595,135714,638,1655,1655,2.59,640,666,573,67,1336.0,9,455
484530017192,453,0,3214,197976,483,1058,1058,3.13,338,338,338,0,739.0,0,303
484530017193,453,1448,3079,134975,726,1446,1446,2.23,649,769,581,68,1340.0,0,647
484530017221,453,1121,3131,66990,381,532,532,1.79,298,372,112,186,406.0,0,295
484530017222,453,1194,0,65946,1057,1460,1460,1.47,991,1037,0,991,1060.0,27,881
484530017223,453,1424,1933,80982,1313,1852,1852,1.8,1029,1107,71,958,1790.0,0,1020
484530017281,453,2154,1682,83155,828,1391,1406,2.54,548,548,411,137,1209.0,39,761
484530017282,453,1382,1879,71750,607,1075,1079,2.14,502,531,328,174,917.0,26,441
484530017283,453,1697,1695,75761,709,1040,1047,2.13,488,516,374,114,872.0,56,572
484530017284,453,1917,1930,91705,1821,2904,2904,2.73,1065,1225,770,295,1989.0,65,1449
484530017285,453,1370,1724,92740,589,1041,1041,2.21,471,501,252,219,837.0,12,432
484530017291,453,1276,1647,63984,1182,1473,1473,2.21,668,711,325,343,996.0,45,1021
484530017292,453,1606,1625,60655,420,939,939,2.31,407,407,303,104,681.0,8,370
484530017293,453,1394,1790,59886,1634,2663,2663,2.27,1171,1218,505,666,1717.0,0,1403
484530017331,453,0,3108,134375,1309,3007,3026,3.2,939,939,908,31,,0,1002
484530017332,453,0,2182,118417,762,1305,1322,2.76,473,496,431,42,,0,524
484530017371,453,1469,2494,106538,790,1463,1463,3.05,480,480,331,149,1085.0,0,666
484530017372,453,1368,2552,112010,3178,5743,5743,2.51,2284,2344,1575,709,4001.0,0,2686
484530017373,453,1574,2388,123696,1842,3578,3581,2.4,1493,1568,1250,243,2764.0,0,1298
484530017381,453,0,1495,85662,493,776,776,1.97,393,431,299,94,747.0,0,418
484530017382,453,0,2524,141319,396,1069,1069,2.54,421,421,420,1,,0,375
484530017383,453,0,2193,145125,765,1284,1284,2.56,501,550,454,47,964.0,0,611
484530017384,453,0,2040,114088,1712,2936,2936,2.54,1157,1157,1061,96,2308.0,0,1381
484530017385,453,1103,1950,96012,420,781,781,2.35,333,333,198,135,584.0,0,351
484530017401,453,1721,1979,93200,1615,2514,2514,2.43,1034,1091,392,642,1696.0,0,1274
484530017402,453,1585,2333,111435,1533,2502,2503,2.53,987,1012,578,409,2231.0,14,1169
484530017411,453,2122,3053,143047,815,1730,1730,2.35,737,947,641,96,1752.0,0,571
484530017412,453,1742,3017,74875,534,1030,1030,1.94,531,722,325,206,1015.0,0,368
484530017421,453,1542,1778,77568,1379,2995,2995,2.8,1068,1198,967,101,2224.0,0,1056
484530017422,453,2369,2204,112250,1678,3550,3550,2.59,1371,1468,957,414,2699.0,0,1231
484530017451,453,0,2719,115682,516,1077,1083,2.61,412,436,412,0,912.0,0,415
484530017452,453,1418,2144,86625,669,1172,1180,2.1,557,648,345,212,912.0,44,547
484530017461,453,1085,2010,84013,1904,3015,3131,2.14,1412,1483,959,453,2260.0,101,1570
484530017462,453,1259,1418,49167,845,1475,1475,2.4,614,614,304,310,947.0,12,589
484530017471,453,1356,1805,64375,1864,3427,3429,2.77,1239,1317,502,737,2359.0,21,1709
484530017472,453,1153,1515,70859,463,943,943,2.6,363,363,276,87,692.0,16,355
484530017473,453,1392,1975,76058,828,1714,1718,2.85,602,611,389,213,1187.0,24,694
484530017481,453,1701,2196,107679,1175,2605,2617,2.94,886,886,750,136,1691.0,0,756
484530017482,453,1414,1534,73638,2821,3896,3904,2.38,1637,1745,848,789,2911.0,48,2399
484530017491,453,0,1681,79526,629,1052,1169,2.1,501,539,410,91,849.0,42,453
484530017492,453,1647,1657,103281,765,1353,1353,2.72,497,497,374,123,1104.0,0,519
484530017493,453,1239,0,83363,1694,2837,2837,2.55,1111,1261,0,1111,1461.0,32,1349
484530017494,453,1430,1919,98301,1031,1891,1891,2.19,865,910,130,735,1264.0,0,787
484530017501,453,1364,0,72240,1053,1252,1252,1.57,799,799,32,767,,22,732
484530017502,453,1382,3228,47375,865,1663,1663,2.07,803,830,180,623,1305.0,19,690
484530017503,453,1366,1830,66364,1271,1921,1934,1.87,1030,1098,544,486,1462.0,56,1076
484530017511,453,1250,3147,116667,309,647,647,2.29,282,309,229,53,535.0,7,265
484530017512,453,2167,2922,137574,673,1556,1556,2.26,690,723,646,44,1332.0,0,524
484530017521,453,1053,0,27212,741,1450,1450,1.84,790,1002,15,775,,171,519
484530017522,453,1146,0,61506,1002,1325,1325,1.81,734,734,0,734,940.0,100,825
484530017523,453,1159,0,42256,825,1155,1155,1.79,647,789,0,647,662.0,234,431
484530017531,453,1400,0,75223,1002,1255,1255,1.51,830,1058,13,817,,21,812
484530017541,453,1055,2226,50889,1474,2144,2152,2.06,1040,1155,369,671,1707.0,0,968
484530017542,453,1366,2611,80667,709,1354,1354,2.08,652,652,392,260,1138.0,0,560
484530017543,453,1183,1736,107361,750,1320,1523,2.14,618,618,450,168,1062.0,0,633
484530017551,453,2464,3183,175625,1127,2473,2473,3.03,815,815,734,81,1724.0,0,805
484530017552,453,1786,3143,184479,1858,3766,3766,2.85,1320,1332,1252,68,3173.0,0,1574
484530017561,453,2137,1854,134444,1479,2601,2609,2.86,908,908,739,169,1871.0,88,1031
484530017562,453,1533,2377,93846,1263,1973,1973,2.35,838,963,405,433,1453.0,42,1064
484530017571,453,0,3342,143750,316,689,689,2.63,262,270,255,7,,10,273
484530017572,453,1495,2877,109375,773,1561,1561,1.99,786,867,439,347,1225.0,0,569
484530017601,453,1626,3555,164355,5362,11194,11209,2.78,4020,4118,2840,1180,8047.0,15,3492
484530017602,453,2762,2726,172412,3192,6898,6898,3.42,2018,2018,1770,248,4847.0,0,2310
484530017611,453,1473,4001,80573,1571,2521,2521,1.98,1272,1437,615,657,2381.0,0,1091
484530017612,453,1288,4001,204417,2719,5491,5491,2.98,1845,1960,1472,373,4000.0,0,2143
484530017641,453,996,2191,90000,1373,2997,2997,2.51,1194,1709,990,204,2692.0,0,931
484530017642,453,1000,3528,153813,2286,4956,4956,2.88,1723,2116,1544,179,3894.0,0,1671
484530017651,453,1220,3239,117193,1683,3123,3123,2.28,1371,1565,866,505,2602.0,0,1069
484530017652,453,1347,2821,162329,6082,11726,11726,3.02,3877,4080,3395,482,8715.0,52,4532
484530017661,453,0,1418,48056,644,1252,1263,2.44,514,621,493,21,,17,538
484530017662,453,1555,1464,87000,692,1716,1716,2.6,660,880,603,57,1497.0,0,535
484530017663,453,0,2592,141083,4036,8229,8229,3.33,2474,2664,2348,126,5832.0,81,2816
484530017681,453,1403,3784,86193,1070,2224,2326,2.71,821,821,624,197,1782.0,0,830
484530017682,453,1487,3011,138056,4172,8904,8904,2.95,3014,3354,2628,386,6340.0,30,2714
484530017691,453,1649,2767,103411,1639,2464,2472,2.47,997,1101,539,458,2023.0,0,1198
484530017692,453,1668,2418,110761,2361,4516,4516,2.77,1630,1630,1359,271,3497.0,18,1776
484530017701,453,2616,2908,176597,3621,7884,7884,3.11,2539,2592,2351,188,5607.0,15,2726
484530017702,453,0,2640,172771,1104,2575,2575,3.48,739,739,709,30,,0,820
484530017703,453,0,2488,147232,1315,2548,2548,2.91,877,893,842,35,,0,879
484530017711,453,1700,2681,160250,1015,2296,2296,2.65,865,983,817,48,,10,721
484530017712,453,1425,2480,116006,1018,2124,2124,2.18,973,1125,933,40,1955.0,0,766
484530017721,453,1847,1760,82063,1099,1948,1972,2.72,716,775,562,154,1510.0,0,962
484530017722,453,1668,1560,76898,1632,2733,2754,3.06,893,925,732,161,1776.0,0,1451
484530017731,453,1594,3215,130081,2382,4359,4359,2.56,1706,1890,1010,696,3318.0,24,1772
484530017732,453,1962,3050,128250,600,1545,1545,2.37,652,686,604,48,1218.0,0,449
484530017733,453,3501,3291,173688,1039,2463,2519,2.38,1033,1048,965,68,2083.0,11,632
484530017741,453,0,2102,133309,439,818,842,2.25,363,363,347,16,,0,284
484530017742,453,1833,1652,110075,3234,5823,5828,3.11,1875,2033,1514,361,3876.0,23,2610
484530017743,453,0,2623,148266,906,1695,1695,2.75,617,651,598,19,,17,710
484530017751,453,0,2944,161845,3948,7692,7784,3.25,2364,2515,2324,40,5534.0,35,3200
484530017752,453,0,1875,81818,200,507,507,2.08,244,244,244,0,481.0,0,144
484530017761,453,1368,1696,77857,1061,1767,1791,2.61,676,697,454,222,1363.0,0,1009
484530017762,453,1816,1602,99219,846,1345,1345,2.63,512,512,450,62,1143.0,0,713
484530017771,453,1650,1762,100093,2465,4140,4140,2.7,1531,1571,827,704,2932.0,105,1760
484530017772,453,2000,1672,107574,1225,1670,1682,1.98,843,880,761,82,1442.0,0,1186
484530017781,453,1639,2568,125417,1085,2446,2522,2.39,1023,1082,920,103,1927.0,0,805
484530017782,453,1577,2183,83288,980,1817,1817,2.4,756,868,422,334,1472.0,0,685
484530017791,453,1205,1197,77524,930,2412,2412,3.34,723,761,506,217,1454.0,0,826
484530017792,453,1697,1967,66151,778,1549,1549,2.31,671,883,529,142,1166.0,0,481
484530017793,453,1175,1627,88846,1340,2585,2585,2.26,1144,1463,1003,141,2331.0,0,976
484530017801,453,1492,2571,97574,1434,3180,3180,2.52,1263,1806,1144,119,2967.0,0,1072
484530017802,453,1023,2173,77031,684,1437,1437,2.3,625,679,513,112,1370.0,0,582
484530017811,453,0,2823,155795,580,1357,1357,2.86,474,474,423,51,946.0,0,512
484530017812,453,1442,2902,117054,518,1259,1259,2.57,489,546,395,94,1042.0,16,442
484530017821,453,1383,2646,108942,659,1306,1417,2.65,493,557,340,153,921.0,0,583
484530017822,453,0,2869,211477,957,1906,1906,2.96,643,643,623,20,,14,747
484530017823,453,1889,2952,172396,975,1978,1978,2.88,687,687,651,36,1505.0,31,811
484530017831,453,2900,3060,189688,1401,3089,3089,3.18,972,1000,822,150,2272.0,0,1016
484530017832,453,1594,2104,99444,1207,2236,2236,2.6,860,909,728,132,1852.0,4,844
484530017841,453,1587,2828,97333,1695,2882,2887,2.33,1238,1361,588,650,2080.0,0,1105
484530017842,453,0,3255,215479,1279,3130,3130,3.63,862,888,815,47,1901.0,0,983
484530017851,453,1245,1757,69948,2511,3694,3694,2.15,1718,1960,441,1277,2715.0,38,2134
484530017852,453,1163,0,63893,1065,1822,1822,2.07,880,926,77,803,1182.0,0,721
484530017861,453,1600,0,109018,1196,1876,1876,2.2,853,963,0,853,1231.0,41,895
484530017862,453,1394,1378,52054,667,955,955,2.04,467,467,252,215,732.0,55,537
484530017863,453,1451,0,76788,876,1937,1937,2.32,835,954,7,828,,10,682
484530017864,453,1494,1651,66827,757,1055,1061,1.77,597,597,208,389,923.0,0,620
484530018041,453,1068,1679,34958,1095,2213,2213,2.81,788,838,118,670,1189.0,37,935
484530018042,453,913,1692,62578,1406,1913,1913,2.2,871,906,593,278,1530.0,44,792
484530018043,453,930,0,30350,1331,2631,2631,2.43,1082,1112,6,1076,,0,1041
484530018051,453,910,1179,42232,887,1642,1647,2.43,677,742,228,449,752.0,56,505
484530018052,453,934,1375,35440,1911,2975,2985,2.66,1119,1222,335,784,1720.0,105,1323
484530018061,453,1722,1866,0,576,1386,1386,4.25,326,375,226,100,876.0,0,335
484530018062,453,1005,0,42336,1495,2329,2329,2.51,929,967,42,887,,78,1086
484530018063,453,977,1768,40050,1164,2305,2305,2.91,791,984,170,621,1091.0,0,855
484530018064,453,676,0,28425,331,1154,1154,3.2,361,419,104,257,438.0,44,255
484530018111,453,903,1646,31412,948,1842,1842,2.67,690,766,183,507,707.0,23,533
484530018112,453,1169,1647,44940,804,1417,1417,2.27,624,713,256,368,897.0,0,512
484530018121,453,1023,0,41131,1329,1758,1760,1.67,1051,1097,0,1051,1238.0,0,946
484530018122,453,1124,0,35264,1580,3432,3445,2.92,1175,1238,40,1135,,54,875
484530018123,453,1050,1536,41410,1179,2672,2684,3.39,788,924,314,474,1267.0,49,751
484530018131,453,1069,1525,40333,2138,4048,4048,2.89,1402,1517,304,1098,2229.0,53,1295
484530018132,453,1196,1727,47802,1329,3418,3418,3.53,969,1041,486,483,1672.0,11,872
484530018171,453,1154,2096,38159,725,1154,1154,1.77,653,678,133,520,893.0,0,636
484530018172,453,994,1961,48194,691,1238,1238,1.49,832,844,397,435,982.0,15,521
484530018173,453,1304,2120,102285,1202,1713,1713,2.15,795,840,512,283,1206.0,100,741
484530018181,453,1208,1888,44583,925,2060,2060,3.28,629,652,347,282,1280.0,0,798
484530018182,453,1095,2309,55347,1348,3077,3077,3.46,889,1062,212,677,1320.0,176,815
484530018183,453,1183,2268,76912,857,1577,1577,2.56,616,698,401,215,1131.0,0,722
484530018191,453,1136,1647,45833,1770,3320,3327,2.84,1168,1265,224,944,1833.0,5,1309
484530018192,453,880,0,32054,280,945,945,3.39,279,313,9,270,,0,221
484530018201,453,1037,1535,30653,1094,2164,2164,2.39,906,1039,154,752,1260.0,39,763
484530018202,453,944,1420,32546,1161,2486,2486,2.41,1033,1137,57,976,1089.0,88,610
484530018203,453,936,1438,44845,1650,3009,3063,2.96,1017,1076,283,734,1465.0,120,1075
484530018211,453,1110,1818,53419,987,1862,1870,2.86,651,685,286,365,1046.0,10,599
484530018212,453,1450,1635,72550,718,1114,1114,2.43,459,459,400,59,1005.0,0,621
484530018213,453,1202,1603,49781,1362,2610,2610,2.84,919,983,199,720,1470.0,9,979
484530018221,453,983,919,38707,1378,2553,2553,2.14,1192,1287,201,991,1377.0,53,886
484530018222,453,1468,1736,61969,714,1461,1466,2.71,540,540,365,175,951.0,0,465
484530018223,453,1178,0,58472,705,1282,1282,3.78,339,365,92,247,,0,391
484530018224,453,983,0,29583,658,1499,1499,3.58,419,439,0,419,466.0,0,383
484530018231,453,1081,1405,44359,1988,4287,4287,3.21,1335,1457,219,1116,2030.0,164,1633
484530018232,453,1619,1152,64861,664,1311,1319,3.75,350,424,161,189,682.0,14,520
484530018233,453,1084,0,31820,1036,1648,1648,2.55,647,707,121,526,834.0,93,710
484530018241,453,1385,1711,65313,435,728,728,2.48,293,293,211,82,543.0,31,290
484530018242,453,1082,1664,75526,929,1358,1358,2.27,598,615,348,250,1011.0,48,757
484530018261,453,1288,2357,62532,575,974,974,2.29,425,495,73,352,704.0,0,385
484530018262,453,1325,1943,69792,1155,1807,1814,1.96,920,942,240,680,1395.0,34,941
484530018281,453,1793,1740,103359,1004,1904,1904,2.64,721,811,506,215,1412.0,9,819
484530018282,453,1246,1672,105132,562,954,965,2.26,422,422,353,69,863.0,3,419
484530018283,453,1446,1906,114167,755,1391,1404,2.6,534,559,441,93,1098.0,32,593
484530018291,453,1048,1902,41694,751,1042,1042,1.56,666,749,112,554,896.0,13,644
484530018292,453,1194,1598,54728,898,1417,1417,1.89,749,817,267,482,1075.0,33,745
484530018321,453,1059,1801,41023,1220,2137,2137,2.48,863,892,276,587,1427.0,0,971
484530018322,453,0,1466,95298,550,874,874,2.28,383,391,373,10,,8,467
484530018331,453,1244,1742,76586,2946,4572,4588,4.6,993,1037,365,628,2490.0,0,2377
484530018332,453,1096,1563,24276,313,995,1179,1.77,563,563,243,320,836.0,0,241
484530018333,453,0,1394,77607,878,1637,1637,3.0,545,593,499,46,1162.0,0,595
484530018334,453,974,2063,56023,800,2241,2241,3.97,565,565,207,358,987.0,0,561
484530018341,453,1161,2344,56845,1906,3190,3190,2.4,1327,1405,159,1168,2081.0,36,1416
484530018342,453,1511,1805,82583,4909,8494,8501,2.71,3136,3317,1757,1379,5829.0,1,4124
484530018351,453,1497,1342,73153,1437,2353,2366,3.1,758,856,305,453,1699.0,0,1180
484530018352,453,1504,1521,70098,763,1353,1353,2.74,494,494,373,121,917.0,8,618
484530018353,453,1177,1390,49623,1500,3052,3052,2.58,1183,1229,439,744,1836.0,17,1151
484530018391,453,1212,1735,73281,3360,4955,4955,2.26,2190,2406,990,1200,3831.0,34,2421
484530018392,453,1305,1811,67069,3121,5217,5217,3.24,1609,1609,563,1046,2893.0,119,2091
484530018401,453,1299,1700,65694,3987,7229,7229,2.86,2530,2831,1199,1331,4873.0,29,3506
484530018402,453,1495,1322,73179,778,1143,1143,2.86,399,479,309,90,818.0,18,665
484530018403,453,1563,1594,73412,1289,2508,2508,2.43,1032,1032,748,284,1990.0,43,993
484530018411,453,1723,1634,80960,3523,7010,7010,3.21,2185,2218,1757,428,4738.0,96,2788
484530018412,453,0,1681,76875,1352,2393,2393,3.94,608,608,507,101,,0,1034
484530018413,453,0,1530,134132,1915,3242,3410,3.18,1021,1021,958,63,,0,1533
484530018414,453,1145,1864,76361,2049,4022,4022,2.55,1579,1649,1063,516,3037.0,0,1313
484530018421,453,1289,1641,54283,5029,10416,10423,3.53,2954,2954,1714,1240,6261.0,52,3858
484530018422,453,0,1273,58992,1513,3205,3205,3.41,939,939,889,50,,0,1164
484530018431,453,1548,1520,63636,691,1139,1148,2.45,464,464,352,112,891.0,18,530
484530018432,453,1859,1786,85481,957,1376,1376,2.52,545,567,413,132,1065.0,6,721
484530018441,453,1210,1568,51171,900,1481,1691,2.48,597,652,198,399,980.0,36,632
484530018442,453,1224,1436,60458,1092,1845,1845,2.27,813,857,227,586,1184.0,29,765
484530018443,453,1436,2047,91516,377,615,621,2.2,279,279,171,108,532.0,0,291
484530018451,453,1173,1563,59028,1426,2107,2121,1.96,1073,1106,592,481,1664.0,36,1159
484530018452,453,1392,1905,81827,520,1077,1077,2.43,443,479,333,110,892.0,35,408
484530018461,453,2014,2567,148333,625,1009,1014,2.29,440,481,394,46,940.0,19,443
484530018462,453,0,1737,113393,745,1512,1512,2.53,598,598,572,26,1118.0,30,583
484530018471,453,1205,1754,79880,929,1239,1239,1.64,757,757,351,406,984.0,66,748
484530018472,453,1203,1934,79766,3490,5693,5693,2.45,2321,2490,1477,844,3956.0,39,2671
484530018481,453,1673,1440,65302,527,1001,1001,2.34,428,528,155,273,567.0,0,255
484530018482,453,1777,1984,86119,755,1183,1183,2.55,464,464,350,114,880.0,17,453
484530018483,453,1260,2239,70341,1683,3042,3042,2.37,1285,1371,466,819,2061.0,21,1410
484530018491,453,1537,0,93562,3460,3934,3934,1.53,2575,3009,0,2575,3187.0,28,2498
484530018492,453,1220,0,64006,1017,1269,1269,1.65,771,887,0,771,913.0,0,731
484530018493,453,1241,0,49674,872,1194,1194,1.81,658,760,48,610,,12,672
484530018494,453,1324,0,57443,1407,1958,1958,2.11,927,987,0,927,1245.0,0,1229
484530018501,453,1022,0,62857,579,819,878,1.54,532,626,122,410,695.0,0,491
484530018502,453,1590,1372,66583,628,887,887,1.76,505,505,250,255,833.0,34,389
484530018503,453,1176,0,52024,1300,2017,2017,2.25,896,1086,0,896,1159.0,0,1095
484530018511,453,1535,1696,110268,1178,2379,2379,2.87,830,1011,463,367,1329.0,15,847
484530018512,453,1158,1548,49410,1070,2426,2426,2.05,1182,1300,283,899,1553.0,0,972
484530018513,453,1173,1950,67797,1492,2686,2686,1.92,1402,1424,339,1063,1966.0,0,1399
484530018514,453,1141,2004,90119,1334,2002,2002,2.28,878,878,333,545,1360.0,26,999
484530018531,453,1645,1629,95375,1092,1784,1784,2.39,747,765,562,185,1450.0,6,885
484530018532,453,1396,1491,73333,826,1502,1509,2.69,558,558,318,240,1040.0,31,670
484530018541,453,0,1565,78542,1289,2768,2768,3.68,752,875,703,49,1534.0,0,1003
484530018542,453,1612,1689,73413,1664,3633,3638,3.42,1063,1155,886,177,2185.0,0,1349
484530018543,453,1730,1389,78859,1304,2698,2698,3.74,722,751,603,119,1514.0,0,1024
484530018551,453,1576,1788,118524,1837,3100,3100,3.15,983,1042,736,247,2057.0,0,1644
484530018552,453,1405,1694,92500,2475,4787,4787,2.5,1914,1914,1079,835,3241.0,23,2047
484530018553,453,1372,1705,85589,2717,4792,4792,3.43,1399,1566,718,681,3147.0,0,1902
484530018554,453,1471,1799,84070,2596,5502,5502,3.35,1640,1640,1107,533,3506.0,0,2128
484530018555,453,1464,1822,84083,921,1979,1979,2.63,752,752,647,105,1722.0,0,849
484530018561,453,0,1961,94803,1032,2241,2255,2.89,775,975,720,55,,0,853
484530018562,453,0,1805,93710,3555,6959,6959,3.48,2000,2039,1858,142,4482.0,0,2851
484530018571,453,1173,1849,78289,1906,3263,3263,2.38,1370,1514,530,840,2164.0,0,1566
484530018572,453,1697,1633,74313,1714,2994,2994,2.58,1162,1175,845,317,2076.0,0,1372
484530018581,453,1425,2289,121151,3882,7599,7599,3.55,2141,2141,1932,209,4717.0,0,3028
484530018582,453,0,2051,116992,3675,6570,6570,2.71,2428,2467,2355,73,,0,2976
484530018583,453,0,1652,140288,1505,2723,2728,3.8,716,764,684,32,,47,1390
484530018584,453,2016,2379,117273,1598,3067,3067,2.97,1034,1034,916,118,2261.0,0,1546
484530018585,453,0,1756,113363,2187,4051,4051,3.02,1343,1400,1343,0,2732.0,24,1787
484530018591,453,0,2115,70625,270,762,762,2.77,275,321,275,0,580.0,6,200
484530018592,453,1844,1982,92109,1654,2929,2929,2.98,984,1021,841,143,2018.0,29,1368
484530018601,453,1121,1405,63291,1042,1998,1998,2.79,715,747,412,303,1320.0,10,741
484530018602,453,1415,1361,61089,1210,2384,2389,2.75,867,976,357,510,1473.0,0,907
484530018611,453,1692,1621,84009,1185,2261,2266,2.85,793,793,665,128,1448.0,0,762
484530018612,453,1678,1477,83646,1482,2305,2305,2.79,825,825,707,118,1716.0,8,1194
484530018621,453,1202,1862,84286,1970,3676,3681,3.29,1116,1185,766,350,2380.0,15,1604
484530018622,453,1371,1833,66500,1558,2718,2754,2.42,1122,1146,587,535,1984.0,0,1242
484530018631,453,965,0,38902,1337,2255,2255,1.94,1164,1228,0,1164,1371.0,39,978
484530018632,453,1102,0,40333,772,1299,1299,1.81,718,890,0,718,852.0,0,554
484530018641,453,1633,1381,57736,697,1239,1239,1.65,749,823,220,529,960.0,27,527
484530018642,453,1175,0,51357,937,1404,1404,1.69,832,1041,0,832,999.0,14,749
484530019011,453,1438,2379,101406,1286,1961,1961,1.94,1012,1055,401,611,1456.0,16,826
484530019012,453,1269,3373,70697,1364,2379,2379,2.06,1156,1299,460,696,1580.0,119,979
484530019013,453,1635,2676,107665,1125,1850,1850,2.29,807,845,375,432,1487.0,18,887
484530019081,453,1552,4001,160959,1384,3086,3225,2.06,1501,1807,1140,361,3060.0,0,1031
484530019082,453,1384,2690,71250,2839,6060,6060,2.88,2102,2372,906,1196,3733.0,0,2244
484530019101,453,1383,4001,70313,414,902,980,1.71,529,676,231,298,679.0,0,335
484530019102,453,1559,3629,194750,425,1060,1060,3.09,343,343,253,90,666.0,14,356
484530019103,453,2097,3819,136140,727,1596,1596,2.67,597,695,340,257,1225.0,8,476
484530019104,453,2384,3848,166875,643,1113,1113,3.17,351,351,278,73,780.0,0,553
484530019111,453,1343,2347,64386,1434,1615,1615,1.51,1072,1170,173,899,1428.0,34,1234
484530019112,453,1808,0,96159,1024,1334,1334,2.06,647,824,16,631,,0,744
484530019121,453,1877,4001,154931,1655,3145,3325,2.71,1159,1272,698,461,2406.0,0,1139
484530019122,453,1750,4001,158882,309,804,804,2.11,381,497,354,27,797.0,14,231
484530019131,453,0,4001,206071,1159,2374,2374,2.94,808,808,784,24,,9,1048
484530019132,453,1875,4001,250001,1043,2566,2566,3.01,853,988,785,68,2098.0,0,916
484530019141,453,1669,3020,141495,1764,2969,2969,2.45,1213,1385,587,626,2364.0,0,1408
484530019142,453,0,2375,154938,682,1149,1149,2.4,479,479,460,19,,0,585
484530019143,453,1688,2665,98087,1536,2450,2450,2.11,1163,1329,649,514,2124.0,0,1207
484530019151,453,1573,2085,67878,1212,2012,2138,1.84,1093,1277,244,849,1491.0,24,934
484530019161,453,2292,3867,214773,937,2218,2218,3.33,666,677,633,33,1555.0,0,695
484530019162,453,0,4001,216000,337,740,740,2.96,250,269,250,0,611.0,0,206
484530019171,453,0,3185,148125,648,1190,1190,2.82,422,473,367,55,946.0,10,486
484530019172,453,0,4001,215357,773,1596,1596,3.18,502,502,473,29,,0,584
484530019173,453,0,3542,183472,479,1141,1141,2.79,409,418,388,21,,0,418
484530019174,453,0,3968,231528,577,1220,1220,2.87,425,425,396,29,,0,382
484530019181,453,0,4001,250001,282,641,641,2.23,288,313,269,19,,0,182
484530019182,453,0,4001,183125,285,702,707,3.03,232,284,205,27,,0,193
484530019183,453,1297,4001,153750,467,1182,1182,2.44,484,509,346,138,804.0,0,270
484530019191,453,3501,4001,200625,641,1508,1508,2.96,510,520,472,38,1230.0,0,482
484530019192,453,1950,3939,192500,813,1683,1683,2.72,618,618,540,78,1350.0,0,650
484530019193,453,3043,2842,147813,308,754,754,3.61,209,209,134,75,491.0,0,176
484530020021,453,1632,1498,71739,1257,2005,2005,2.3,872,926,486,386,1481.0,0,983
484530020022,453,1108,1657,81875,1003,1395,1395,2.58,540,576,288,252,916.0,121,683
484530020031,453,1760,1575,65729,991,1734,1734,2.66,653,735,471,182,1311.0,42,741
484530020032,453,927,1293,37740,1201,2441,2441,2.76,885,962,159,726,1198.0,51,861
484530020041,453,1331,2236,57955,1875,2346,2346,1.52,1546,1708,94,1452,1855.0,88,1435
484530020042,453,1086,0,35682,310,386,386,1.21,318,318,25,293,308.0,19,234
484530020051,453,1649,2050,90231,1749,2112,2203,1.89,1120,1207,441,679,1553.0,52,1216
484530020052,453,1235,2927,70187,1051,1423,1423,1.62,876,953,96,780,1049.0,68,788
484530020053,453,1274,1475,71322,1408,1934,1934,2.54,760,827,161,599,1463.0,0,1224
484530021041,453,1168,1945,63789,1065,2092,2092,2.84,737,756,373,364,1283.0,29,733
484530021042,453,1833,1943,106658,706,1212,1212,2.52,481,541,445,36,936.0,10,585
484530021051,453,1127,1914,53966,1167,1712,1740,2.58,664,781,148,516,1053.0,10,736
484530021052,453,1042,0,29389,1445,2831,2831,2.46,1153,1367,19,1134,,166,882
484530021053,453,1286,2056,59219,362,519,519,1.84,282,326,157,125,444.0,0,310
484530021061,453,0,1939,78864,705,1089,1089,2.71,402,460,226,176,881.0,0,678
484530021062,453,2039,1895,67344,546,1065,1065,2.97,359,386,219,140,657.0,0,394
484530021063,453,0,1734,105385,583,920,933,2.32,396,430,370,26,,0,414
484530021071,453,1133,1563,58571,768,1141,1141,2.91,392,412,194,198,721.0,14,499
484530021072,453,968,2115,52604,616,1212,1220,3.14,386,406,248,138,667.0,0,429
484530021073,453,1319,2077,80938,503,987,1103,2.64,374,414,285,89,673.0,70,376
484530021074,453,878,1718,55227,752,1523,1524,3.45,442,461,168,274,883.0,17,643
484530021081,453,1076,1780,47254,1514,2770,2770,2.87,964,1081,421,543,1366.0,94,1298
484530021082,453,953,1854,32313,683,1312,1312,2.47,532,576,138,394,635.0,67,567
484530021091,453,1490,1276,63125,735,1104,1127,3.24,341,367,222,119,684.0,49,592
484530021092,453,1583,1825,70573,1084,1498,1498,2.46,609,701,385,224,1040.0,22,810
484530021093,453,825,1447,36713,762,1590,1618,2.41,661,695,294,367,813.0,50,634
484530021101,453,1220,1470,45471,1566,2981,3055,2.97,1005,1166,467,538,1864.0,131,1115
484530021102,453,1662,1881,65048,721,1166,1166,3.23,361,469,278,83,636.0,20,552
484530021111,453,759,1839,22439,937,2253,2253,3.54,637,696,189,448,1060.0,56,520
484530021112,453,747,1315,39048,526,1215,1215,2.68,454,512,343,111,778.0,0,425
484530021113,453,1375,1624,70046,1218,2174,2174,2.33,933,983,687,246,1474.0,87,836
484530021121,453,967,1408,26688,437,1104,1104,2.22,498,652,122,376,527.0,71,326
484530021122,453,1113,1954,40383,1166,2477,2489,3.11,797,894,230,567,1243.0,52,753
484530021123,453,1112,1658,52115,857,1776,1833,2.98,596,713,306,290,1041.0,105,546
484530021131,453,1183,1755,61143,1059,1964,1964,2.6,754,777,398,356,1286.0,64,818
484530021132,453,1949,2221,101319,488,705,705,3.0,235,235,165,70,570.0,0,391
484530021133,453,1648,2010,87150,649,1008,1034,2.41,419,523,324,95,732.0,0,564
484530022011,453,1374,1522,60132,602,1229,1229,3.61,340,340,165,175,693.0,35,495
484530022012,453,1400,1381,44722,399,994,994,3.07,324,354,174,150,607.0,14,300
484530022021,453,1448,1160,46622,1164,2301,2301,2.86,804,804,597,207,1882.0,45,1005
484530022022,453,1234,0,0,301,1335,1335,4.16,321,370,94,227,560.0,0,286
484530022023,453,1141,1110,39130,2285,6035,6111,4.05,1490,1608,580,910,2840.0,47,1699
484530022071,453,1306,1328,59014,1385,2878,2887,3.64,791,845,691,100,1782.0,0,994
484530022072,453,1559,1319,55568,3515,7041,7053,3.22,2190,2286,1797,393,4876.0,43,3143
484530022081,453,1647,1295,54079,665,1374,1374,3.07,448,470,381,67,991.0,0,606
484530022082,453,1190,794,42188,580,1694,1694,4.27,397,397,316,81,727.0,0,465
484530022083,453,0,0,0,0,0,1011,0.0,0,0,0,0,0.0,0,0
484530022084,453,1551,1484,68293,1214,2084,2095,3.04,686,727,510,176,1496.0,1,955
484530022085,453,918,1049,63315,967,2186,2186,5.1,429,452,338,91,1255.0,0,884
484530022091,453,1323,1390,60522,2445,5061,5061,3.38,1496,1755,1139,357,3248.0,0,1945
484530022092,453,1633,1286,71750,1351,2418,2418,3.06,791,808,647,144,1687.0,27,883
484530022093,453,1138,1443,86382,1443,2706,2706,3.19,849,876,752,97,1929.0,0,1192
484530022101,453,1192,1463,88438,1111,2263,2263,3.83,591,596,477,114,1297.0,0,765
484530022102,453,1050,1465,63512,1251,2861,2861,3.79,755,838,675,80,1825.0,0,763
484530022111,453,1319,1699,75719,1664,3069,3069,3.07,999,1033,775,224,2099.0,0,1382
484530022121,453,1823,1539,83958,541,1452,1452,3.98,365,365,319,46,777.0,23,395
484530023041,453,1346,0,52443,677,874,874,1.63,535,585,0,535,635.0,37,380
484530023042,453,1762,1384,90532,2117,2384,2384,1.61,1478,1660,53,1425,1957.0,60,1233
484530023043,453,1248,0,50381,688,942,942,2.07,454,556,6,448,,31,435
484530023071,453,1204,1833,71379,805,1077,1077,1.96,550,634,177,373,800.0,58,625
484530023072,453,1138,1110,45272,1828,2766,2766,1.91,1445,1585,117,1328,1584.0,79,1178
484530023073,453,1074,1226,72750,547,1011,1011,3.33,304,304,106,198,638.0,54,398
484530023074,453,1253,1839,49712,637,1093,1093,2.29,477,494,125,352,817.0,19,470
484530023081,453,0,1444,85946,786,1251,1251,2.0,625,625,213,412,641.0,97,541
484530023082,453,1574,2081,62016,789,1061,1061,1.99,534,534,191,343,848.0,67,576
484530023083,453,999,0,20500,628,733,1898,1.52,482,519,10,472,,112,287
484530023084,453,1207,0,53672,1510,2257,2257,2.16,1043,1233,57,986,,45,1153
484530023101,453,738,979,40000,310,561,561,2.67,210,237,109,101,312.0,27,268
484530023102,453,1134,1131,44261,1077,2329,2329,3.74,623,678,341,282,1325.0,0,860
484530023121,453,913,1451,0,384,1078,1083,2.26,476,522,254,222,568.0,16,300
484530023122,453,1113,1276,37679,1422,3335,3335,3.49,955,1025,446,509,1695.0,67,938
484530023123,453,1316,1996,51441,1854,4135,4172,3.32,1245,1278,380,865,2046.0,61,1305
484530023131,453,1138,1596,46618,1603,2255,2260,1.94,1164,1281,121,1043,1375.0,238,979
484530023132,453,1093,1750,39097,1027,2329,2329,2.55,915,980,118,797,1045.0,0,756
484530023141,453,1297,0,0,285,538,538,1.97,273,295,0,273,278.0,0,213
484530023142,453,1257,2716,62113,1597,1899,1917,1.81,1049,1145,209,840,1402.0,110,1144
484530023143,453,1127,0,58594,491,765,765,2.0,382,543,0,382,545.0,29,398
484530023144,453,1221,0,41439,1461,2172,2172,3.03,716,764,0,716,973.0,77,1078
484530023151,453,1141,1275,36993,1099,1504,1504,2.07,725,805,227,498,866.0,150,703
484530023152,453,1036,0,38176,1032,1450,1450,1.92,754,871,0,754,1000.0,87,705
484530023161,453,997,0,43315,1137,1444,1444,2.02,716,866,11,705,,118,722
484530023162,453,1065,0,30068,1135,1853,1853,2.27,815,880,16,799,,163,640
484530023163,453,1168,0,39980,1052,1290,1290,2.19,589,685,0,589,750.0,23,666
484530023171,453,899,0,38683,3473,5233,5233,2.97,1762,2004,120,1642,,884,2057
484530023172,453,981,0,25709,948,1348,1348,3.43,393,393,0,393,719.0,359,563
484530023181,453,891,1330,40133,3130,4848,4848,2.53,1916,2192,246,1670,2590.0,481,2090
484530023182,453,939,1412,58929,1374,2364,2367,3.09,766,797,363,403,1366.0,63,1135
484530023191,453,0,0,0,10,0,2368,0.0,0,0,0,0,0.0,7,2
484530024021,453,1776,1639,69063,718,1160,1160,2.19,529,574,391,138,895.0,0,653
484530024022,453,1218,1381,71250,1545,2376,2381,2.36,1007,1007,491,516,1580.0,126,1238
484530024023,453,1956,1471,102778,592,997,1002,3.54,282,282,112,170,657.0,0,565
484530024024,453,1278,1464,61788,3044,3971,3971,1.93,2057,2178,146,1911,2959.0,120,2808
484530024031,453,1213,2041,68036,732,1210,1210,2.56,472,496,340,132,740.0,54,497
484530024032,453,1524,1667,70982,947,1533,1533,2.47,621,665,316,305,1129.0,0,722
484530024071,453,1417,2153,74740,3399,5857,5874,2.48,2360,2700,1156,1204,4715.0,96,2983
484530024072,453,0,1819,102216,511,789,789,2.31,342,404,328,14,,0,374
484530024091,453,0,1738,81453,647,1039,1047,2.5,416,425,332,84,910.0,0,431
484530024092,453,1484,0,76481,853,1276,1276,2.44,522,548,208,314,955.0,30,623
484530024093,453,1596,1530,64740,720,1263,1263,2.47,512,537,394,118,1020.0,35,543
484530024101,453,1251,1250,57321,1470,2461,2461,2.38,1034,1034,301,733,1551.0,56,1070
484530024102,453,1147,1661,55125,1139,1940,1958,2.44,796,818,154,642,1311.0,20,933
484530024111,453,1205,1188,44000,1426,2505,2755,3.15,796,855,102,694,1329.0,85,815
484530024112,453,1157,1173,41250,988,2492,2492,3.78,659,698,366,293,1389.0,0,798
484530024113,453,1177,1175,41667,893,2172,2172,4.1,530,530,324,206,1184.0,42,732
484530024121,453,1778,1100,55250,653,1271,1271,3.59,354,397,220,134,700.0,52,511
484530024122,453,1613,1358,71274,1148,2337,2337,4.52,517,536,340,177,1104.0,32,880
484530024123,453,1193,1132,49279,1057,2531,2557,4.14,611,628,352,259,1158.0,36,664
484530024131,453,1157,0,32212,395,1079,1079,3.45,313,313,62,251,438.0,29,362
484530024132,453,1042,1039,29821,954,2580,2585,3.87,666,666,143,523,1037.0,93,671
484530024133,453,1148,961,63125,670,1381,1381,3.5,395,395,212,183,822.0,6,485
484530024191,453,1038,0,41301,1416,2668,2668,2.61,1022,1105,13,1009,,147,959
484530024192,453,1108,0,37388,1473,2277,2277,2.16,1054,1141,0,1054,1235.0,119,1080
484530024211,453,1265,2179,59579,4264,6778,6780,2.26,3004,3204,541,2463,4531.0,123,3548
484530024212,453,2147,1604,84200,1417,2654,2671,2.88,922,950,806,116,1717.0,30,1116
484530024213,453,1208,1574,60561,1082,1529,1529,1.83,837,971,400,437,1214.0,11,777
484530024221,453,1479,1402,65766,1520,2226,2239,2.13,1047,1108,498,549,1705.0,92,1298
484530024222,453,1054,0,40313,762,1185,1185,1.73,684,742,27,657,,115,588
484530024223,453,1307,1477,72070,1410,2646,2646,2.7,981,1042,839,142,1752.0,46,1280
484530024231,453,1906,1554,93731,1185,1535,1558,2.09,736,736,554,182,1401.0,4,1014
484530024232,453,1982,1707,86888,1424,2300,2310,2.62,877,904,701,176,1828.0,13,1201
484530024233,453,1481,1625,50424,1375,2139,2139,2.15,996,1063,427,569,1394.0,39,1195
484530024241,453,1418,1887,61144,429,981,1023,3.3,297,355,224,73,604.0,0,349
484530024242,453,1297,1409,55920,1741,2865,2875,2.41,1189,1256,523,666,1854.0,59,1237
484530024251,453,1247,1603,53295,1247,1924,1924,2.24,858,909,151,707,1335.0,10,952
484530024252,453,1900,1834,102893,1256,2418,2418,3.24,747,794,605,142,1608.0,0,986
484530024261,453,1627,1413,82582,4998,8847,8847,3.27,2702,2745,2171,531,5319.0,43,4074
484530024262,453,1198,0,53750,576,895,895,2.49,360,360,173,187,762.0,36,365
484530024271,453,1330,1064,46071,577,1006,1009,3.18,316,375,167,149,856.0,0,361
484530024272,453,1530,1289,70753,1229,2089,2089,3.08,679,743,525,154,1351.0,21,873
484530024273,453,1248,1199,40238,1508,2906,2906,2.87,1013,1041,349,664,1777.0,0,1105
484530024274,453,1114,1217,47266,988,2042,2042,3.49,585,585,288,297,1183.0,0,848
484530024281,453,0,1972,113623,820,1740,1755,2.27,767,783,726,41,1401.0,0,613
484530024282,453,1378,1632,77621,3595,6536,6536,2.68,2436,2574,1565,871,4745.0,17,2911
484530024291,453,1373,1473,54651,868,1645,1645,2.4,684,831,60,624,975.0,14,736
484530024301,453,0,0,0,0,0,0,0.0,0,0,0,0,0.0,0,0
484530024302,453,0,0,0,0,35,35,1.67,21,59,21,0,,0,0
484530024303,453,1186,1217,55192,1303,2558,2558,3.37,760,781,509,251,1296.0,6,1108
484530024311,453,963,1600,76652,1110,2744,2744,4.74,579,638,239,340,1200.0,14,562
484530024312,453,987,1521,65408,1717,2915,2915,3.12,934,962,675,259,1872.0,0,1255
484530024313,453,1118,1307,64405,2043,4240,4240,3.68,1153,1240,884,269,2627.0,0,1595
484530024321,453,1621,1911,97750,1013,1750,1750,3.14,557,657,488,69,1171.0,0,726
484530024322,453,1302,835,60568,551,1232,1232,3.72,331,355,278,53,787.0,0,414
484530024331,453,1133,958,51919,890,2232,2232,3.81,586,623,512,74,1336.0,0,651
484530024332,453,1669,1397,65909,3855,7226,7226,3.57,2022,2042,1690,332,4506.0,34,3084
484530024341,453,996,1503,57963,734,1594,1661,3.41,468,524,362,106,1068.0,3,535
484530024351,453,1087,1175,60494,1398,2536,2541,3.12,814,1071,610,204,1649.0,0,862
484530024352,453,1530,1516,68611,3119,5777,5777,4.13,1398,1495,1086,312,3624.0,0,2655
484530024361,453,1053,1240,63125,1323,2768,2768,3.7,748,833,597,151,1737.0,0,1024
484530025001,453,0,2907,183654,529,1139,1139,3.18,358,358,358,0,762.0,17,397
484530025002,453,1978,2599,106019,784,1373,1380,2.34,588,641,402,186,976.0,24,586
484530025003,453,1237,1972,64107,1245,1809,1809,1.68,1078,1078,328,750,1691.0,138,959
484530025004,453,1217,0,59611,942,1723,1728,1.76,979,1105,53,926,1209.0,17,682
484539800001,453,0,0,0,0,0,0,0.0,0,0,0,0,0.0,0,0
484910201051,491,0,1814,67218,83,1352,1352,1.75,773,838,753,20,,0,31
484910201052,491,1801,1940,78170,607,2657,2657,2.02,1318,1450,1182,136,2248.0,0,340
484910201053,491,1790,2150,97024,491,2982,2982,2.06,1450,1450,1310,140,2709.0,0,319
484910201061,491,0,2646,156793,1331,2974,2974,2.9,1027,1027,1003,24,,0,1106
484910201062,491,2020,2024,117237,998,1849,1849,2.93,632,632,501,131,1333.0,0,799
484910201071,491,0,1419,54566,247,1282,1282,1.57,815,815,746,69,,0,213
484910201072,491,1640,1431,79646,273,2057,2057,1.68,1223,1290,1174,49,,0,195
484910201073,491,1722,1236,49816,425,2203,2203,1.69,1301,1354,1090,211,1776.0,0,276
484910201081,491,769,2463,124423,359,715,715,2.45,292,305,274,18,701.0,0,318
484910201082,491,0,1762,119375,535,1247,1252,3.57,349,362,336,13,,0,413
484910201083,491,0,1984,56875,339,1222,1229,2.25,542,542,262,280,866.0,0,283
484910201091,491,0,2904,169063,482,1141,1141,3.27,349,349,343,6,,0,384
484910201092,491,0,2859,137344,551,1242,1242,3.74,332,332,318,14,,0,452
484910201093,491,2196,2087,117292,640,1332,1332,3.34,399,399,365,34,991.0,0,512
484910201101,491,0,2655,151523,1191,2486,2486,3.12,797,822,775,22,,0,807
484910201102,491,0,2956,145625,737,1447,1447,2.97,488,488,488,0,1120.0,12,613
484910201103,491,0,1833,82386,1016,2016,2016,2.46,821,821,576,245,1477.0,0,843
484910201111,491,2563,1884,82656,756,1887,1922,2.28,827,842,625,202,1540.0,0,679
484910201112,491,1264,1560,74511,803,1521,1521,3.07,496,496,312,184,1107.0,16,661
484910201121,491,1606,2968,165927,2192,4287,4287,3.17,1351,1479,1121,230,3331.0,13,1694
484910201122,491,0,2107,114306,401,971,971,2.74,355,355,342,13,,0,254
484910201131,491,1137,1713,51875,909,1898,1982,2.97,638,790,165,473,1068.0,12,671
484910201132,491,1676,1383,59563,462,976,976,3.8,257,275,235,22,671.0,0,382
484910201141,491,1073,1251,43297,1170,2734,2734,2.41,1135,1303,267,868,1551.0,0,1007
484910201142,491,1294,1511,63692,1115,2939,2939,3.1,947,947,542,405,1722.0,0,848
484910201143,491,981,1466,55307,611,1122,1142,2.59,434,434,163,271,726.0,0,578
484910201151,491,1235,1905,96048,1066,3262,3262,2.58,1262,1282,1074,188,2255.0,0,816
484910201152,491,1908,2121,106000,828,2098,2098,3.58,586,586,555,31,1267.0,0,722
484910202011,491,753,1488,71250,233,427,427,3.39,126,149,99,27,,0,165
484910202012,491,936,1778,69500,446,1008,1008,3.04,332,397,230,102,725.0,0,373
484910202021,491,1067,2064,83558,720,1841,1952,3.51,524,524,385,139,1166.0,0,580
484910202022,491,0,2308,117206,1289,2289,2289,3.53,648,688,596,52,,30,1011
484910202023,491,0,2532,98917,1036,1695,1695,3.23,525,564,474,51,,0,883
484910202031,491,1737,1518,70833,572,2826,2847,1.9,1486,1525,1428,58,2273.0,7,462
484910202032,491,0,1831,88011,116,758,758,2.03,373,373,357,16,,0,94
484910202041,491,744,1327,35147,334,874,874,2.7,324,365,173,151,602.0,0,269
484910202042,491,0,2595,130875,858,1681,1681,3.1,543,584,433,110,1251.0,0,600
484910202043,491,0,2581,118125,928,1841,1841,3.37,546,546,537,9,,0,646
484910202044,491,974,0,49565,191,566,571,2.98,190,190,103,87,320.0,0,131
484910203011,491,498,1567,63542,1418,2501,2501,2.62,955,1032,671,284,2013.0,87,1027
484910203012,491,981,2477,103654,823,1737,1750,3.34,520,575,460,60,1395.0,11,607
484910203013,491,1602,1785,88333,2184,4366,4366,3.08,1418,1451,1258,160,2938.0,40,1933
484910203021,491,1345,2665,99063,1036,2309,2309,3.11,742,928,576,166,1482.0,20,809
484910203022,491,1716,1803,104321,1984,4047,4047,3.14,1289,1355,1101,188,2813.0,12,1552
484910203101,491,0,2758,139570,1504,3011,3031,3.46,871,923,839,32,,0,1302
484910203102,491,1344,1990,115714,682,1306,1318,2.81,464,477,424,40,976.0,0,613
484910203111,491,1349,2380,82406,3031,5128,5128,2.15,2389,2573,718,1671,3586.0,55,2453
484910203112,491,1989,2256,107721,1049,1994,1994,3.15,634,720,419,215,1101.0,30,892
484910203121,491,0,2009,60821,695,1135,1135,3.85,295,295,212,83,,0,522
484910203122,491,1514,1805,104409,2331,4276,4276,3.22,1329,1437,1261,68,3065.0,24,1949
484910203123,491,1609,1310,57888,1415,3099,3099,3.26,952,952,626,326,1748.0,22,1207
484910203124,491,1662,1681,93229,1554,2843,2843,4.73,601,601,463,138,1451.0,0,1339
484910203131,491,2067,2340,141000,1695,3338,3338,3.68,908,908,816,92,2025.0,0,1346
484910203132,491,1594,1576,103713,1781,3220,3220,3.56,904,904,518,386,1759.0,29,1205
484910203133,491,0,1457,76583,595,1436,1436,3.55,404,404,370,34,,39,397
484910203134,491,1299,2166,87772,1970,2772,2772,2.68,1033,1076,417,616,1918.0,80,1618
484910203141,491,0,1424,85025,1373,2725,2725,3.24,841,841,724,117,1802.0,37,1170
484910203142,491,2047,2124,92468,1277,2412,2412,3.74,645,730,558,87,1520.0,8,1003
484910203143,491,1552,1781,80532,1976,3975,3975,3.02,1316,1364,729,587,2344.0,135,1414
484910203151,491,1658,2865,162355,3572,7527,7527,3.51,2145,2293,1792,353,4441.0,23,2660
484910203152,491,1414,2104,81328,489,1231,1231,2.79,441,492,226,215,679.0,0,424
484910203161,491,1671,2494,118049,924,2109,2109,3.1,680,710,465,215,1333.0,22,683
484910203162,491,1231,1564,63820,2221,3440,3538,1.95,1761,2010,543,1218,2801.0,85,1832
484910203171,491,1465,2737,85703,1086,2216,2216,3.3,671,813,381,290,1419.0,0,863
484910203172,491,1464,2157,77150,1462,3071,3071,2.83,1085,1123,382,703,1771.0,11,1100
484910203181,491,2185,2056,97138,1623,3857,3857,3.52,1095,1129,915,180,2203.0,51,1266
484910203182,491,1227,1844,85125,2168,3945,3963,2.76,1431,1593,683,748,2540.0,93,1615
484910203183,491,1373,1697,59557,824,1263,1263,2.55,496,539,294,202,863.0,0,636
484910203191,491,2108,2062,129057,1641,3254,3254,3.38,964,997,881,83,2009.0,13,1254
484910203192,491,1762,1699,80288,2530,5140,5140,3.85,1334,1334,920,414,2902.0,17,2091
484910203201,491,1769,1774,99026,1057,2026,2026,3.23,628,628,542,86,1534.0,19,875
484910203202,491,0,1568,76125,373,862,870,3.09,279,279,264,15,,0,291
484910203203,491,1697,1744,98667,1574,2563,2563,2.3,1113,1113,771,342,2027.0,35,1199
484910203204,491,1882,1806,112083,743,1302,1302,2.76,471,471,419,52,908.0,21,612
484910203211,491,1441,1395,66202,512,1075,1075,3.12,345,345,266,79,696.0,0,421
484910203212,491,940,1408,60625,537,978,986,2.59,378,417,293,85,715.0,0,466
484910203221,491,1797,2057,109592,1030,1863,1875,2.84,657,695,511,146,1402.0,11,837
484910203222,491,1089,1662,86406,913,1658,1658,3.52,471,471,368,103,948.0,41,717
484910203223,491,1378,2011,90222,1841,3057,3057,2.88,1061,1061,738,323,2114.0,0,1560
484910203224,491,1078,1457,44338,1371,2492,2500,2.56,974,1012,409,565,1560.0,0,951
484910203231,491,1316,1885,69904,1281,2691,2691,3.55,759,837,361,398,1508.0,20,1092
484910203232,491,1635,1773,99167,678,1196,1196,3.23,370,408,216,154,742.0,7,493
484910203241,491,2146,2643,137500,2047,5257,5257,3.81,1378,1378,1175,203,3093.0,42,1687
484910203242,491,1435,1570,99022,465,779,894,2.56,304,304,258,46,592.0,0,465
484910203243,491,988,1720,101050,2497,4327,4327,2.93,1477,1537,1140,337,2746.0,32,1774
484910203251,491,1288,1501,62952,1062,2514,2514,3.79,663,705,322,341,1275.0,18,896
484910203252,491,1447,1200,62702,438,1025,1031,3.67,279,279,156,123,503.0,1,359
484910203261,491,2096,2473,151607,1430,2900,2900,3.37,861,874,798,63,1938.0,0,1152
484910203262,491,1742,2125,128500,1566,3034,3034,3.12,972,1093,763,209,1956.0,0,1313
484910203271,491,1531,2109,110139,1006,1931,1931,2.89,669,720,555,114,1430.0,18,753
484910203272,491,1297,1375,62991,510,884,884,2.92,303,343,157,146,560.0,0,324
484910203281,491,928,1691,95197,1593,3263,3263,2.75,1188,1239,837,351,2146.0,24,1247
484910203282,491,2048,1868,96196,855,1587,1587,3.08,516,516,452,64,1090.0,0,668
484910203283,491,0,1919,104432,1370,2668,2668,3.55,752,794,550,202,1648.0,13,962
484910204031,491,2137,2041,119881,668,1289,1306,3.47,372,372,311,61,819.0,11,536
484910204032,491,1247,1646,61250,576,1101,1101,2.49,442,500,230,212,731.0,0,379
484910204041,491,1637,1540,80972,799,1666,1666,2.43,687,687,441,246,1101.0,0,656
484910204042,491,1632,1685,96550,1084,2111,2111,3.51,601,610,530,71,1236.0,0,853
484910204051,491,1245,0,41635,520,948,948,2.54,373,439,84,289,511.0,0,394
484910204052,491,1599,1526,100025,763,1568,1568,2.95,531,588,336,195,892.0,0,610
484910204053,491,1242,1982,59461,1001,1810,1810,3.03,598,685,221,377,1139.0,0,810
484910204054,491,1186,1527,59514,1316,2059,2059,2.05,1005,1108,323,682,1463.0,12,1210
484910204061,491,1278,0,58608,1798,2914,2928,2.48,1177,1391,80,1097,1855.0,20,1400
484910204062,491,1204,1672,60932,2513,3726,3726,1.99,1869,2212,363,1506,2694.0,30,2060
484910204081,491,1478,1660,94769,1247,2277,2277,2.53,899,1079,221,678,1583.0,10,972
484910204082,491,1363,1602,70993,1003,1398,1398,2.87,487,508,220,267,852.0,33,867
484910204083,491,0,2073,95769,313,801,801,3.15,254,275,254,0,519.0,10,274
484910204091,491,1381,1791,83506,1976,2818,2818,1.88,1498,1542,432,1066,2243.0,17,1692
484910204092,491,1424,2038,113348,1289,2149,2149,2.86,751,850,591,160,1506.0,0,1126
484910204101,491,2215,2280,122500,716,1435,1435,2.78,516,516,441,75,954.0,0,438
484910204102,491,1376,1930,56681,1186,1953,1953,2.01,971,971,341,630,1182.0,91,835
484910204103,491,0,1676,91288,479,872,872,3.21,272,272,248,24,,0,316
484910204104,491,989,1662,69017,820,1155,1155,1.73,669,762,235,434,906.0,0,675
484910204111,491,1507,2006,128529,1834,2980,2980,3.08,966,966,706,260,1955.0,14,1492
484910204112,491,1565,1983,90278,1105,1812,1812,2.85,636,689,362,274,1246.0,19,868
484910204113,491,0,1908,133214,338,434,434,2.11,206,206,162,44,333.0,0,257
484910205031,491,0,2307,128250,1564,2725,2725,3.1,879,938,864,15,,0,1098
484910205032,491,1664,1783,126042,636,1488,1488,3.34,445,490,394,51,,0,469
484910205033,491,0,1876,90096,838,1912,1912,3.03,631,714,569,62,1403.0,0,687
484910205041,491,1705,1393,79362,1457,2582,2582,4.9,527,544,258,269,1263.0,106,1248
484910205042,491,1328,1369,62328,1113,1649,1649,2.84,580,664,241,339,1049.0,0,972
484910205043,491,1198,1130,60346,2933,4495,4495,2.46,1827,2094,395,1432,2868.0,0,2174
484910205044,491,1212,2168,58258,1408,2027,2027,2.22,913,936,98,815,1393.0,14,1136
484910205051,491,0,2115,141833,1149,2039,2039,3.12,654,665,620,34,1384.0,4,867
484910205052,491,1654,1908,126458,370,743,880,2.83,263,263,231,32,540.0,0,277
484910205061,491,1500,2260,104211,1661,2986,2986,3.27,912,1063,756,156,1929.0,0,1309
484910205062,491,1644,1554,75427,907,1549,1549,2.78,558,597,370,188,1089.0,0,844
484910205063,491,2109,2182,125847,1010,1879,1879,3.5,537,537,465,72,1251.0,0,722
484910205071,491,1619,1775,81067,1007,1948,1948,2.96,657,657,352,305,1202.0,0,828
484910205072,491,2133,2092,140250,487,955,955,3.62,264,264,217,47,627.0,0,387
484910205081,491,1242,1791,58186,2508,4036,4036,2.23,1812,1979,203,1609,2633.0,78,1898
484910205082,491,2133,2193,143043,456,1002,1002,2.96,338,358,272,66,614.0,0,385
484910205091,491,3065,3221,165350,1161,2640,2640,3.65,723,723,676,47,1684.0,0,925
484910205092,491,1738,1500,69479,637,1261,1261,3.0,421,421,341,80,685.0,0,426
484910205093,491,2321,2811,165125,1441,3305,3305,3.82,866,886,812,54,2043.0,0,1143
484910205101,491,2651,2764,147700,2414,5385,5385,3.6,1496,1589,1306,190,3014.0,0,1887
484910205102,491,0,2423,117250,584,1122,1122,3.01,373,373,373,0,779.0,9,535
484910205103,491,0,2238,132778,514,1135,1135,3.66,310,310,292,18,,66,309
484910205104,491,1382,1995,83750,1813,3323,3323,3.09,1074,1115,503,571,2027.0,18,1216
484910206021,491,1960,1891,108889,1384,2482,2482,3.22,772,800,706,66,1943.0,46,1056
484910206022,491,895,0,40417,487,1103,1103,3.06,361,371,69,292,574.0,0,462
484910206023,491,1603,1338,79779,1337,2619,2619,4.21,622,681,429,193,1389.0,10,1007
484910206031,491,0,2691,159320,1854,4071,4071,3.75,1087,1139,1026,61,2631.0,15,1543
484910206032,491,0,2897,149667,1631,4043,4043,3.84,1052,1075,1014,38,,11,1364
484910206033,491,0,2711,171155,1096,2503,2503,3.87,647,647,612,35,,0,828
484910206041,491,0,2387,152663,2249,4714,4714,3.62,1303,1354,1288,15,,39,1757
484910206042,491,1175,1493,66975,1653,3417,3417,3.17,1079,1121,469,610,1823.0,0,1071
484910206051,491,2193,2274,125329,2611,5569,5569,3.65,1524,1592,1323,201,3257.0,0,2148
484910206052,491,1835,1776,102120,1388,3294,3294,2.99,1102,1113,911,191,2103.0,0,1140
484910207011,491,1036,1454,43750,768,1217,1217,2.97,410,479,116,294,652.0,0,433
484910207012,491,805,1216,43125,507,1163,1318,2.84,409,470,132,277,681.0,0,458
484910207031,491,1236,1961,62188,1231,2491,2491,3.06,815,913,291,524,1291.0,0,912
484910207032,491,1453,1493,75933,1702,2997,2997,2.19,1367,1691,603,764,2124.0,0,1505
484910207033,491,0,1282,62763,1138,2389,2389,3.77,634,634,480,154,,0,816
484910207034,491,1493,1655,89177,1922,3925,3925,3.37,1166,1166,896,270,2530.0,47,1577
484910207041,491,1199,1619,59318,1474,2638,2638,2.6,1014,1178,412,602,1750.0,0,1360
484910207042,491,966,1234,56111,985,1906,1906,3.11,612,664,307,305,1223.0,0,799
484910207043,491,1279,0,51250,1023,1746,1746,2.82,620,620,27,593,,0,889
484910207061,491,1576,2160,144825,1221,2649,2649,3.75,707,707,658,49,1668.0,0,883
484910207062,491,2500,2452,134886,952,1862,1862,3.63,513,513,467,46,1231.0,15,621
484910207071,491,1555,1347,71875,1595,3271,3271,2.96,1105,1127,767,338,2252.0,0,1314
484910207072,491,1236,1553,57716,1378,2421,2421,3.22,751,962,294,457,1327.0,0,1190
484910207081,491,1884,1653,101047,1937,3458,3458,3.25,1064,1064,875,189,2220.0,0,1426
484910207082,491,0,2235,127639,1312,2550,2550,3.94,648,742,626,22,,0,1144
484910207083,491,1981,1706,117949,1233,2207,2207,3.29,670,711,645,25,1547.0,0,944
484910208031,491,1160,1196,74420,1054,1938,1938,2.93,661,746,531,130,1401.0,0,759
484910208032,491,0,1471,0,705,1362,1362,5.43,251,272,220,31,,0,508
484910208033,491,1691,1658,93299,918,1725,1725,2.92,591,628,518,73,1173.0,0,839
484910208041,491,1259,2205,105653,1756,3383,3383,2.87,1179,1433,626,553,2333.0,0,1420
484910208042,491,0,2213,110208,530,1359,1359,4.44,306,306,284,22,,0,368
484910208043,491,0,2816,170038,1027,1754,1754,4.01,437,452,421,16,,0,900
484910208044,491,2167,2454,151729,1543,3085,3085,3.37,915,915,839,76,2021.0,0,1296
484910208045,491,0,2450,176583,976,2107,2107,3.25,649,761,633,16,,0,708
484910208051,491,1593,1624,87405,1611,2924,2924,3.27,893,1038,717,176,1961.0,0,1349
484910208052,491,1422,1571,70563,1598,3086,3086,3.35,921,1135,711,210,1805.0,0,1405
484910208053,491,0,1981,86042,1478,2967,2967,3.38,878,878,797,81,2124.0,0,1320
484910208061,491,0,2163,107188,1657,2814,2814,3.02,931,1054,909,22,,10,1342
484910208062,491,1775,2282,130481,3014,6180,6180,3.84,1610,1679,1489,121,3375.0,0,2220
484910208071,491,0,1541,70891,589,916,916,2.73,335,335,293,42,610.0,0,512
484910208072,491,1476,1703,96556,1488,2633,2633,3.74,704,704,590,114,1490.0,0,1068
484910208073,491,1942,1572,67550,861,1797,1797,3.11,577,633,471,106,1263.0,0,599
484910208074,491,1697,1659,83902,3114,5778,5778,3.56,1622,1687,1467,155,3615.0,0,2349
484910208081,491,853,2234,65625,378,814,814,3.13,260,286,179,81,567.0,0,356
484910208082,491,1078,2382,70703,382,983,991,4.03,244,282,143,101,521.0,0,363
484910208091,491,0,2227,124138,465,1063,1063,3.62,294,294,292,2,,0,374
484910208092,491,1594,1499,74464,2399,4750,4750,3.41,1391,1391,1248,143,2679.0,0,1938
484910208093,491,1331,1725,53056,987,2265,2265,3.47,652,652,445,207,1421.0,0,844
484910209001,491,876,1474,91944,514,827,827,2.81,294,340,248,46,679.0,0,470
484910209002,491,1150,1158,70750,330,793,793,3.95,201,247,150,51,439.0,0,282
484910209003,491,1018,1836,73424,601,1080,1080,2.75,393,474,325,68,842.0,13,516
484910209004,491,918,1571,73542,537,1315,1330,3.42,385,404,323,62,971.0,0,429
484910210001,491,625,1326,32778,476,846,846,3.0,282,301,123,159,374.0,0,397
484910210002,491,937,1514,53250,620,1278,1278,3.24,394,519,304,90,837.0,0,514
484910210003,491,1065,995,31176,284,796,1083,3.02,264,326,196,68,475.0,0,243
484910211001,491,1052,1554,60083,627,1318,1323,3.35,394,478,169,225,691.0,0,533
484910211002,491,1034,1143,60227,711,1687,1687,3.51,480,524,277,203,947.0,0,542
484910212011,491,1464,1333,70492,1110,2119,2122,2.79,760,812,660,100,1473.0,0,859
484910212012,491,0,1481,41688,271,745,745,2.47,302,302,248,54,,0,216
484910212021,491,706,1615,56815,1228,2730,2730,2.79,979,983,639,340,1894.0,10,1023
484910212022,491,1250,1399,65795,622,1223,1223,2.9,421,432,361,60,826.0,0,533
484910212031,491,875,1444,36467,588,1148,1227,2.26,509,509,180,329,886.0,0,428
484910212032,491,1016,1404,57656,445,1046,1046,3.32,315,321,270,45,,0,395
484910212033,491,903,1839,0,307,807,807,2.74,295,351,169,126,458.0,0,285
484910213001,491,643,1055,33409,300,694,1329,3.18,218,239,168,50,437.0,0,262
484910213002,491,735,1257,42031,280,488,639,2.82,173,180,113,60,308.0,0,194
484910213003,491,1019,1178,47917,286,564,564,2.42,233,267,192,41,510.0,0,231
484910213004,491,825,1672,56806,359,821,821,2.44,337,399,286,51,687.0,0,306
484910214011,491,1718,1313,68229,659,682,1657,2.52,271,271,166,105,647.0,0,363
484910214012,491,1664,1801,92024,2548,4562,4631,3.45,1324,1379,1124,200,2599.0,0,1917
484910214013,491,0,1742,91979,959,1855,1855,3.31,560,560,509,51,,0,779
484910214014,491,1394,1393,81638,2728,5169,5169,3.67,1410,1477,1127,283,2958.0,0,2084
484910214021,491,1403,1125,59231,961,1616,1687,2.57,628,700,140,488,944.0,0,851
484910214022,491,1133,1268,62500,502,1001,1599,2.3,436,462,238,198,577.0,0,352
484910214023,491,918,0,34271,102,255,255,1.49,171,260,94,77,216.0,0,102
484910214024,491,1015,0,30556,427,1355,1509,2.34,578,626,63,515,,0,301
484910214031,491,1298,2013,75541,2825,5268,5268,3.2,1644,1670,1049,595,3251.0,11,2316
484910214032,491,1058,1395,51006,638,1404,1404,3.37,417,451,270,147,756.0,0,412
484910214033,491,0,1713,74881,285,642,642,2.34,274,274,232,42,,0,242
484910215021,491,1294,1443,58597,2642,5018,5018,3.56,1411,1512,732,679,2752.0,0,2055
484910215022,491,1607,1299,53292,730,1275,1275,4.18,305,332,217,88,679.0,0,502
484910215031,491,1125,1492,50370,1326,2185,2456,2.71,807,881,173,634,1365.0,0,960
484910215032,491,990,1441,63958,1823,2468,2468,2.49,992,1021,410,582,1843.0,35,1425
484910215041,491,1214,2358,80731,971,1991,1991,2.79,713,828,278,435,1207.0,0,713
484910215042,491,1446,2432,100063,1373,2207,2207,2.63,840,995,569,271,1659.0,13,1155
484910215043,491,1477,2598,119185,1715,3473,3478,3.65,951,1091,661,290,2089.0,0,1442
484910215051,491,1728,1627,78472,838,1666,1666,3.68,453,453,238,215,867.0,0,614
484910215052,491,1513,1355,82765,1607,3001,3001,3.24,927,1171,356,571,1732.0,0,1180
484910215053,491,1699,1482,93946,1938,3474,3474,3.82,909,959,773,136,1984.0,0,1686
484910215061,491,1746,1644,80938,1000,1987,1987,3.65,545,560,463,82,1163.0,0,794
484910215062,491,1707,1747,97240,928,1727,1727,3.42,505,510,452,53,1181.0,0,822
484910215071,491,1342,1632,61897,3494,5970,5970,2.41,2476,3018,306,2170,3741.0,0,3196
484910215072,491,1137,1722,81603,1731,3231,3267,2.87,1126,1157,962,164,2283.0,131,1467
484910215073,491,1683,1583,85934,2157,3703,3703,3.74,991,1074,734,257,2118.0,43,1540
484910215081,491,1627,1792,109000,1327,3234,3234,3.98,812,812,727,85,1685.0,0,984
484910215082,491,1300,1588,72557,1726,2488,2516,2.53,985,1077,236,749,1908.0,0,1582
484910215083,491,1930,1604,93286,1463,2529,2529,3.47,728,802,520,208,1489.0,0,1260
484910216011,491,866,1443,82344,522,900,900,3.53,255,268,182,73,666.0,0,357
484910216012,491,0,1820,49545,270,719,719,3.99,180,203,171,9,,0,262
484910216013,491,1298,1424,72292,1846,3475,3475,3.03,1145,1245,912,233,2366.0,0,1698
484910216021,491,862,1713,72153,823,1953,1953,4.23,462,493,372,90,1170.0,0,635
484910216022,491,847,1164,70476,392,879,879,2.78,316,342,276,40,747.0,0,348
484910216031,491,763,1250,83438,299,518,518,2.63,197,225,160,37,504.0,0,204
484910216032,491,1739,1524,91000,465,910,910,3.05,298,350,234,64,692.0,0,369
