geoid,all_vmt_hh,hh,carownership_expense_hh,driving_cost_year,vehicle,average_veh,veh_hh
480219501001,48087.03363043528,539.0,9040.395,8736.261403455233,0.0,2.1,0.0
480219501002,37126.08084952625,680.0,9040.395,6744.919008312277,1476.0,2.1,2.1705882352941175
480219501003,34353.75561852535,637.0,5488.619999999999,5864.265469743198,1398.0,1.7,2.194662480376766
480219501004,48070.47870757152,477.0,9040.395,8733.253770778962,0.0,2.1,0.0
480219501005,29346.233246255317,354.0,5488.619999999999,5009.469829267887,870.0,1.7,2.457627118644068
480219502001,25673.02180962046,513.0,9040.395,4664.172701297512,1146.0,2.1,2.2339181286549707
480219502002,25064.92834761856,852.0,5488.619999999999,4278.641189706304,1645.0,1.7,1.9307511737089202
480219502003,22263.48169250068,482.0,9040.395,4044.740985928129,1245.0,2.1,2.58298755186722
480219502004,27332.449357955305,259.0,3691.9500000000003,4965.6509116975085,0.0,1.5,0.0
480219502005,26697.34279264173,375.0,5488.619999999999,4557.298107702693,692.0,1.7,1.8453333333333333
480219503001,39547.80864321142,436.0,5488.619999999999,6750.902323626401,993.0,1.7,2.2775229357798166
480219503002,21985.547178073917,1808.0,9040.395,3994.2469465216764,4051.0,2.1,2.2405973451327434
480219503003,29724.58043756877,764.0,9040.395,5400.243791421448,1726.0,2.1,2.2591623036649215
480219503004,22381.30963435487,802.0,5488.619999999999,3820.541273967763,1859.0,1.7,2.3179551122194515
480219503005,20435.98831149948,1224.0,9040.395,3712.729242134354,2450.0,2.1,2.0016339869281046
480219504001,12987.03291759409,443.0,3691.9500000000003,2359.4325924810187,750.0,1.5,1.693002257336343
480219504002,8329.634269220995,869.0,5488.619999999999,1421.8878181179507,1446.0,1.7,1.6639815880322208
480219504003,7678.745745594143,486.0,10515.599999999999,1582.2982833872036,852.0,2.5,1.7530864197530864
480219504004,7907.250316935911,838.0,5488.619999999999,1349.7859014057249,1639.0,1.7,1.9558472553699284
480219504005,10446.321362517348,880.0,9040.395,1897.8462017188915,1769.0,2.1,2.0102272727272728
480219505011,53473.7294332145,899.0,9040.395,9714.894916090734,1979.0,2.1,2.201334816462736
480219505012,20366.73090890872,638.0,5488.619999999999,3476.648030186802,1496.0,1.7,2.3448275862068964
480219505013,22247.90709648031,486.0,5488.619999999999,3797.7691524820984,0.0,1.7,0.0
480219505021,30041.96893126748,1061.0,9040.395,5457.905673181729,0.0,2.1,0.0
480219505022,14091.96301681433,664.0,9040.395,2560.171907231018,1466.0,2.1,2.2078313253012047
480219505023,21368.540343303168,454.0,5488.619999999999,3647.6592156484076,839.0,1.7,1.8480176211453745
480219506001,18557.4869173295,888.0,9040.395,3371.450564968518,1921.0,2.1,2.1632882882882885
480219506002,33616.8531556731,417.0,3691.9500000000003,6107.376449680802,836.0,1.5,2.0047961630695443
480219506003,35147.55727144783,634.0,9040.395,6385.4686977809015,0.0,2.1,0.0
480219507001,10017.360487369557,463.0,9040.395,1819.9142925488036,1049.0,2.1,2.265658747300216
480219507002,11521.42163740485,277.0,9040.395,2093.1661523843277,486.0,2.1,1.7545126353790614
480219507003,10834.825091925486,444.0,5488.619999999999,1849.5296806216618,745.0,1.7,1.677927927927928
480219507004,12400.572425500251,541.0,5488.619999999999,2116.806368637501,927.0,1.7,1.7134935304990757
480219508011,39394.04497157414,640.0,9040.395,7156.953728027817,1225.0,2.1,1.9140625
480219508012,58484.36626545289,488.0,9040.395,10625.207527607487,0.0,2.1,0.0
480219508013,29537.151018585377,696.0,9040.395,5366.1923585233235,2046.0,2.1,2.939655172413793
480219508021,35219.676811986945,1418.0,9040.395,6398.571089649965,3544.0,2.1,2.4992947813822286
480219508022,72325.49476846818,301.0,9040.395,13139.808815981074,586.0,2.1,1.946843853820598
480219508023,37108.65692612909,444.0,5488.619999999999,6334.533489057486,1042.0,1.7,2.3468468468468466
480539601001,39654.82740098646,761.0,9040.395,7204.331644708713,1819.0,2.1,2.3902759526938238
480539601002,27228.18436800971,698.0,9040.395,4946.708462171638,1738.0,2.1,2.489971346704871
480539601003,27279.17191958468,826.0,9040.395,4955.971678162552,1943.0,2.1,2.3523002421307506
480539602001,34384.24403958646,605.0,9040.395,6246.792979550769,1481.0,2.1,2.4479338842975205
480539602002,14373.570673876096,474.0,9040.395,2611.3332686120007,0.0,2.1,0.0
480539603001,13950.310582463764,706.0,5488.619999999999,2381.3502532113266,1122.0,1.7,1.5892351274787535
480539603002,9728.843561476417,393.0,5488.619999999999,1660.7360776396126,886.0,1.7,2.2544529262086512
480539603003,22061.78087410501,413.0,9040.395,4008.0967818306617,905.0,2.1,2.1912832929782082
480539603004,26319.835237605806,219.0,5488.619999999999,4492.856695702587,539.0,1.7,2.461187214611872
480539603005,21942.92819767212,391.0,5488.619999999999,3745.708549701402,692.0,1.7,1.7698209718670077
480539604001,24823.80327202368,519.0,9040.395,4509.890048095761,937.0,2.1,1.8053949903660886
480539604002,28653.326767555824,676.0,9040.395,5205.62267666172,1521.0,2.1,2.25
480539604003,29478.90712529515,940.0,9040.395,5355.610839171372,0.0,2.1,0.0
480539605001,19525.965716648014,705.0,5488.619999999999,3333.1274690031587,0.0,1.7,0.0
480539605002,20185.78493756525,465.0,10515.599999999999,4159.524734082912,1046.0,2.5,2.249462365591398
480539605003,38136.11222958457,393.0,5488.619999999999,6509.922483631032,886.0,1.7,2.2544529262086512
480539605004,18406.686924919493,490.0,3691.9500000000003,3344.05382090113,0.0,1.5,0.0
480539606001,22771.745059528283,764.0,9040.395,4137.080257056366,1590.0,2.1,2.081151832460733
480539606002,11422.338731655473,770.0,9040.395,2075.1651633465544,1482.0,2.1,1.9246753246753248
480539607001,10486.638629904786,606.0,5488.619999999999,1790.0934469552917,934.0,1.7,1.5412541254125414
480539607002,8954.675483710393,680.0,3691.9500000000003,1626.8498990815747,960.0,1.5,1.411764705882353
480539607003,11079.548422173926,639.0,3691.9500000000003,2012.8883805194537,759.0,1.5,1.187793427230047
480539607004,10041.07931067076,684.0,5488.619999999999,1714.0354415505672,933.0,1.7,1.3640350877192982
480539607005,7173.723673348169,562.0,5488.619999999999,1224.571208290525,921.0,1.7,1.6387900355871887
480539608001,31900.224882262886,695.0,10515.599999999999,6573.426539071423,0.0,2.5,0.0
480539608002,18924.85031643512,819.0,5488.619999999999,3230.515681111811,1699.0,1.7,2.0744810744810747
480539608003,28149.441501148514,850.0,10515.599999999999,5800.53233187622,1882.0,2.5,2.2141176470588237
480559601011,33224.20397474991,594.0,5488.619999999999,5671.448393949831,1355.0,1.7,2.281144781144781
480559601012,35591.00710125718,1029.0,5488.619999999999,6075.46715692235,2352.0,1.7,2.2857142857142856
480559601013,17432.543674653465,627.0,5488.619999999999,2975.775488893949,1403.0,1.7,2.237639553429027
480559601021,27456.31716821789,1058.0,9040.395,4988.154723811272,2180.0,2.1,2.060491493383743
480559601022,19987.802652798964,434.0,5488.619999999999,3411.9641012303946,975.0,1.7,2.2465437788018434
480559602001,12228.9121720274,421.0,3691.9500000000003,2221.7002245509443,870.0,1.5,2.0665083135391926
480559602002,16016.393217509578,677.0,9040.395,2909.794747666254,1241.0,2.1,1.8330871491875924
480559602003,9662.140460997807,127.0,3691.9500000000003,1755.3793280929858,187.0,1.5,1.4724409448818898
480559602004,20619.34007953221,170.0,5488.619999999999,3519.7689993488734,270.0,1.7,1.588235294117647
480559603001,15855.204372378445,607.0,5488.619999999999,2706.5200250339167,1140.0,1.7,1.8780889621087316
480559603002,14776.44371185768,365.0,9040.395,2684.5256430732866,840.0,2.1,2.3013698630136985
480559603003,12791.917414242558,617.0,9040.395,2323.9847822824113,1252.0,2.1,2.0291734197730955
480559604001,15290.23634974187,537.0,5488.619999999999,2610.0786780252615,977.0,1.7,1.819366852886406
480559604002,13127.145468758648,774.0,5488.619999999999,2240.8340661078987,1409.0,1.7,1.8204134366925064
480559605001,19211.291631515927,542.0,5488.619999999999,3279.4118755130535,1038.0,1.7,1.915129151291513
480559605002,26054.38385612669,505.0,9040.395,4733.457044208744,1180.0,2.1,2.3366336633663365
480559605003,21323.39410326959,796.0,5488.619999999999,3639.9526481494268,1590.0,1.7,1.9974874371859297
480559605004,18972.92828316042,237.0,5488.619999999999,3238.722701131788,385.0,1.7,1.6244725738396624
480559606001,20960.81654565968,557.0,9040.395,3808.0779525741546,1228.0,2.1,2.2046678635547576
480559606002,28190.159746637863,488.0,9040.395,5121.476330698763,1049.0,2.1,2.1495901639344264
480559607001,10124.970002760369,409.0,9040.395,1839.4643621825078,630.0,2.1,1.5403422982885087
480559607002,14218.078061800092,173.0,5488.619999999999,2427.0587806989424,0.0,1.7,0.0
480559607003,6847.22042849678,642.0,3691.9500000000003,1243.9758295376712,957.0,1.5,1.4906542056074767
480559607004,6997.744979949615,469.0,5488.619999999999,1194.5312386706923,1051.0,1.7,2.2409381663113006
480559607005,7756.812595999616,605.0,5488.619999999999,1324.1058348060242,1029.0,1.7,1.7008264462809917
482090101001,7323.651526884036,647.0,2398.7799999999997,1410.8996415484821,1029.0,1.0,1.5904173106646058
482090101002,6161.568079640119,394.0,9040.395,1119.4092322811157,703.0,2.1,1.784263959390863
482090102001,5364.710512788672,377.0,2398.7799999999997,1033.5101433649577,647.0,1.0,1.7161803713527852
482090102002,7918.184429930065,294.0,2398.7799999999997,1525.436257158498,618.0,1.0,2.1020408163265305
482090102003,1175.756250313365,46.0,2398.7799999999997,226.50914861610144,0.0,1.0,0.0
482090103021,1593.065751722861,590.0,3691.9500000000003,289.42186259404014,877.0,1.5,1.4864406779661017
482090103022,6990.8287828429,1348.0,3691.9500000000003,1270.066025346582,2325.0,1.5,1.7247774480712166
482090103031,6321.219395123255,692.0,3691.9500000000003,1148.4140495918555,1211.0,1.5,1.75
482090103032,10686.427488824333,1088.0,3691.9500000000003,1941.467729719762,2295.0,1.5,2.109375
482090103033,7530.048057862313,1626.0,2398.7799999999997,1450.6618818059728,2608.0,1.0,1.6039360393603936
482090103041,4680.504215298752,824.0,2398.7799999999997,901.6979706625702,1145.0,1.0,1.3895631067961165
482090103042,5336.392907020787,342.0,2398.7799999999997,1028.0547636707222,413.0,1.0,1.2076023391812865
482090103043,9163.82343291634,1565.0,2398.7799999999997,1765.4083006617595,2330.0,1.0,1.488817891373802
482090103044,7030.544205775802,735.0,2398.7799999999997,1354.4325891813974,0.0,1.0,0.0
482090104001,20380.2639063082,266.0,9040.395,3702.605453379895,0.0,2.1,0.0
482090104002,7149.178622771866,1442.0,3691.9500000000003,1298.8343957444424,2243.0,1.5,1.5554785020804438
482090104003,9657.620917722576,2565.0,5488.619999999999,1648.5782077674685,4952.0,1.7,1.9306042884990253
482090105001,5845.48271109002,1261.0,3691.9500000000003,1061.984097125484,1774.0,1.5,1.4068199841395719
482090105002,9828.253897550898,746.0,3691.9500000000003,1785.5581579103355,1326.0,1.5,1.7774798927613942
482090106001,4654.144153512508,548.0,2398.7799999999997,896.6197113285641,0.0,1.0,0.0
482090106002,4622.915199579618,548.0,3691.9500000000003,839.8728842357245,1379.0,1.5,2.5164233576642334
482090106003,3986.889958381996,459.0,9040.395,724.3223429192961,1317.0,2.1,2.869281045751634
482090106004,9935.00618111365,1235.0,9040.395,1804.9524890680325,2524.0,2.1,2.0437246963562754
482090106005,19841.02445002796,620.0,9040.395,3604.6385693061893,0.0,2.1,0.0
482090106006,5656.872632586495,1301.0,9040.395,1027.718166692002,2823.0,2.1,2.169869331283628
482090107011,17093.799363351827,771.0,5488.619999999999,2917.951052174521,1478.0,1.7,1.9169909208819715
482090107012,6928.241681037916,319.0,3691.9500000000003,1258.6954491106849,388.0,1.5,1.2163009404388714
482090107013,5054.640564146811,1557.0,2398.7799999999997,973.7752450307262,2863.0,1.0,1.8387925497752087
482090107014,6046.147656235533,752.0,3691.9500000000003,1098.4401078824387,1469.0,1.5,1.9534574468085106
482090107021,15347.6708244058,510.0,3691.9500000000003,2788.3039175726894,1050.0,1.5,2.0588235294117645
482090107022,28511.831317921336,505.0,9040.395,5179.9163449943,1135.0,2.1,2.2475247524752477
482090108031,11468.212565768265,796.0,5488.619999999999,1957.6503860568805,1716.0,1.7,2.1557788944723617
482090108032,27024.60592480917,697.0,9040.395,4909.72313865227,1580.0,2.1,2.2668579626972742
482090108033,23935.441153524607,412.0,10515.599999999999,4932.186675287162,941.0,2.5,2.283980582524272
482090108041,22193.95108470506,727.0,10515.599999999999,4573.331617739502,0.0,2.5,0.0
482090108042,35355.83799972375,991.0,10515.599999999999,7285.497349196359,2312.0,2.5,2.3329969727547932
482090108043,15793.319988697844,1181.0,5488.619999999999,2695.9562177353982,2333.0,1.7,1.9754445385266723
482090108044,11920.242743602774,794.0,9040.395,2165.622387962041,1709.0,2.1,2.152392947103275
482090108051,3037.3704339598567,1005.0,10515.599999999999,625.8868548191344,2069.0,2.5,2.0587064676616915
482090108052,33917.52746641763,562.0,10515.599999999999,6989.116095899385,1399.0,2.5,2.4893238434163703
482090108053,36684.0577886417,458.0,10515.599999999999,7559.19307524272,0.0,2.5,0.0
482090108054,15810.70202307481,909.0,10515.599999999999,3257.9860694843396,0.0,2.5,0.0
482090108061,25626.99338570618,474.0,10515.599999999999,5280.751438585442,1061.0,2.5,2.238396624472574
482090108062,24920.575498006463,1129.0,10515.599999999999,5135.1855026768835,2724.0,2.5,2.412754650132861
482090108071,15733.823167164435,695.0,10515.599999999999,3242.144252895276,1638.0,2.5,2.356834532374101
482090108072,12451.465430569437,263.0,10515.599999999999,2565.7748060937643,552.0,2.5,2.098859315589354
482090108081,40229.05193570023,555.0,10515.599999999999,8289.681925811423,1366.0,2.5,2.4612612612612614
482090108082,24680.64807617264,800.0,10515.599999999999,5085.745560232767,1852.0,2.5,2.315
482090108083,26035.75516638637,822.0,9040.395,4730.072657797513,1696.0,2.1,2.0632603406326036
482090108091,21230.95080102647,1284.0,10515.599999999999,4374.893780851842,3358.0,2.5,2.615264797507788
482090108092,25452.26020776201,761.0,10515.599999999999,5244.7455573293155,2008.0,2.5,2.6386333771353483
482090109011,22446.430100850364,998.0,10515.599999999999,4625.357967754701,0.0,2.5,0.0
482090109012,20863.02252380812,831.0,9040.395,3790.311122847113,1820.0,2.1,2.190132370637786
482090109013,28552.59378930952,922.0,10515.599999999999,5883.606729002444,2347.0,2.5,2.5455531453362257
482090109014,11573.437912905816,263.0,10515.599999999999,2384.8466337079267,0.0,2.5,0.0
482090109021,32442.819840039618,671.0,10515.599999999999,6685.234782072214,1707.0,2.5,2.5439642324888228
482090109022,9243.983280411165,2088.0,5488.619999999999,1577.9693072324883,3799.0,1.7,1.8194444444444444
482090109023,24880.634584370448,829.0,9040.395,4520.214935348703,1630.0,2.1,1.9662243667068757
482090109024,20293.11699996834,2218.0,10515.599999999999,4181.641801598822,4420.0,2.5,1.9927862939585212
482090109025,31571.522325247755,458.0,9040.395,5735.788862713645,1018.0,2.1,2.222707423580786
482090109051,22898.731952337715,1352.0,9040.395,4160.150731707013,2541.0,2.1,1.8794378698224852
482090109052,34582.92147542948,811.0,9040.395,6282.887907506447,1778.0,2.1,2.1923551171393343
482090109053,13953.332546218222,652.0,5488.619999999999,2381.8661094074546,1185.0,1.7,1.8174846625766872
482090109061,16178.298103635714,2242.0,9040.395,2939.208984746566,5450.0,2.1,2.430865298840321
482090109062,17304.363849758538,1350.0,5488.619999999999,2953.8948965827053,2403.0,1.7,1.78
482090109063,24157.410396389387,577.0,5488.619999999999,4123.725778312522,1168.0,1.7,2.024263431542461
482090109064,17568.33922963749,1128.0,9040.395,3191.7461391827,2297.0,2.1,2.0363475177304964
482090109071,27533.56478538091,748.0,5488.619999999999,4700.043134229452,1649.0,1.7,2.2045454545454546
482090109072,36161.00093923905,554.0,5488.619999999999,6172.766422224248,1268.0,1.7,2.288808664259928
482090109073,21959.58515052592,1934.0,9040.395,3989.5302684049484,4424.0,2.1,2.2874870734229575
482090109074,15625.813450978902,544.0,5488.619999999999,2667.36246466778,1276.0,1.7,2.3455882352941178
482090109081,19724.530612307062,1907.0,9040.395,3583.4744312551097,3464.0,2.1,1.816465652857892
482090109082,21737.578807965143,2842.0,9040.395,3949.197037273627,5986.0,2.1,2.106263194933146
482090109091,1388.1800568002282,466.0,10515.599999999999,286.0512632766429,1003.0,2.5,2.152360515021459
482090109092,2881.793910278842,797.0,9040.395,523.5528792349317,1481.0,2.1,1.8582183186951067
482090109093,8187.249464777748,1777.0,5488.619999999999,1397.5824029725275,2784.0,1.7,1.5666854248733821
482090109101,7846.932886829934,657.0,9040.395,1425.5996209200016,1275.0,2.1,1.9406392694063928
482090109102,30387.143829559674,461.0,5488.619999999999,5187.15567120449,1013.0,1.7,2.1973969631236443
482090109103,13873.8273031171,1034.0,9040.395,2520.5418765883683,2103.0,2.1,2.0338491295938104
482090109104,11211.392702042294,1038.0,9040.395,2036.841325971081,2254.0,2.1,2.1714836223506744
484530001011,10948.851917891556,347.0,10515.599999999999,2256.143147424922,0.0,2.5,0.0
484530001012,12881.059798973343,541.0,10515.599999999999,2654.2979131478464,1113.0,2.5,2.057301293900185
484530001013,5773.200052479856,1229.0,5488.619999999999,985.4985898374538,1622.0,1.7,1.3197721724979659
484530001021,13898.427841575129,740.0,10515.599999999999,2863.9388832640216,1327.0,2.5,1.7932432432432432
484530001022,7712.969946286454,392.0,10515.599999999999,1589.3505932044436,0.0,2.5,0.0
484530002031,7547.235639876523,884.0,3691.9500000000003,1371.1518146485053,1156.0,1.5,1.3076923076923077
484530002041,6282.742643936048,643.0,3691.9500000000003,1141.423746157659,847.0,1.5,1.317262830482115
484530002042,6680.410167259988,587.0,9040.395,1213.6704033776155,870.0,2.1,1.4821124361158433
484530002043,7762.347255333604,273.0,10515.599999999999,1599.525383975243,405.0,2.5,1.4835164835164836
484530002051,8427.983242488224,832.0,5488.619999999999,1438.6762151223438,1331.0,1.7,1.5997596153846154
484530002052,3885.0209006852033,1238.0,3691.9500000000003,705.8151768544803,1409.0,1.5,1.1381260096930532
484530002053,8787.334530766911,279.0,9040.395,1596.448058958663,530.0,2.1,1.8996415770609318
484530002061,7965.374367365713,596.0,10515.599999999999,1641.361572005533,1010.0,2.5,1.6946308724832215
484530002062,6702.24089597808,298.0,10515.599999999999,1381.0776676175872,586.0,2.5,1.9664429530201342
484530002063,3616.205316182416,771.0,3691.9500000000003,656.9778284418601,994.0,1.5,1.2892347600518808
484530003021,3698.874275647688,588.0,5488.619999999999,631.4063863196692,815.0,1.7,1.3860544217687074
484530003022,3032.181919937797,588.0,2398.7799999999997,584.1490912348494,700.0,1.0,1.1904761904761905
484530003023,3408.972010623203,476.0,5488.619999999999,581.9193997653762,617.0,1.7,1.296218487394958
484530003024,7778.992144969809,400.0,5488.619999999999,1327.8919350683848,541.0,1.7,1.3525
484530003025,8181.179795240668,622.0,5488.619999999999,1396.5462963565785,880.0,1.7,1.414790996784566
484530003041,7198.209582913293,670.0,3691.9500000000003,1307.742145969792,882.0,1.5,1.3164179104477611
484530003042,8543.369822742658,760.0,5488.619999999999,1458.3729710104524,1448.0,1.7,1.9052631578947368
484530003051,3002.6926962019347,640.0,9040.395,545.5172907913147,1145.0,2.1,1.7890625
484530003052,5850.640494151604,504.0,3691.9500000000003,1062.921142679897,819.0,1.5,1.625
484530003053,3949.5229891056833,772.0,3691.9500000000003,717.533660257737,1270.0,1.5,1.645077720207254
484530003061,6833.890429090595,2805.0,9040.395,1241.5540881548418,4248.0,2.1,1.5144385026737968
484530003071,9375.727565337542,816.0,9040.395,1703.3449700363278,1379.0,2.1,1.6899509803921569
484530004011,8878.683330642321,804.0,5488.619999999999,1515.6117616611637,1332.0,1.7,1.6567164179104477
484530004012,4983.106178992084,1080.0,2398.7799999999997,959.9941635575425,1569.0,1.0,1.4527777777777777
484530004021,6264.93021554535,804.0,3691.9500000000003,1138.1876548685307,1104.0,1.5,1.373134328358209
484530004022,6517.221114884384,406.0,3691.9500000000003,1184.0228640701982,548.0,1.5,1.3497536945812807
484530004023,4855.072549131987,430.0,3691.9500000000003,882.0503100260136,658.0,1.5,1.5302325581395348
484530005001,2809.758473388337,449.0,2398.7799999999997,541.299269686591,576.0,1.0,1.2828507795100224
484530005002,4436.382254114465,577.0,2398.7799999999997,854.6679356773357,780.0,1.0,1.3518197573656845
484530005003,8203.524164627255,402.0,9040.395,1490.3837088920613,627.0,2.1,1.5597014925373134
484530005004,10838.946827598707,633.0,9040.395,1969.1768378102176,951.0,2.1,1.5023696682464456
484530006011,2387.6457399906,277.0,2398.7799999999997,459.97935679099373,418.0,1.0,1.5090252707581226
484530006012,627.3932907316146,20.0,2398.7799999999997,120.8671611086028,0.0,1.0,0.0
484530006031,7046.599728448409,368.0,2398.7799999999997,1357.5256816231254,453.0,1.0,1.2309782608695652
484530006032,4385.227655674364,672.0,2398.7799999999997,844.8130150359377,0.0,1.0,0.0
484530006033,9605.061102195124,405.0,2398.7799999999997,1850.4126276887714,0.0,1.0,0.0
484530006034,5451.695467763252,366.0,2398.7799999999997,1050.267773263545,587.0,1.0,1.6038251366120218
484530006035,8284.629115010133,629.0,2398.7799999999997,1596.0317344185673,777.0,1.0,1.2352941176470589
484530006041,8138.390638164727,548.0,2398.7799999999997,1567.858928297962,0.0,1.0,0.0
484530006042,5943.183544026488,668.0,2398.7799999999997,1144.9528286733546,549.0,1.0,0.8218562874251497
484530006043,9744.900658298997,611.0,2398.7799999999997,1877.3526833231767,0.0,1.0,0.0
484530007001,7891.176508564974,729.0,5488.619999999999,1347.0420651729805,857.0,1.7,1.1755829903978052
484530008011,9662.473420044633,648.0,3691.9500000000003,1755.4398187710353,1220.0,1.5,1.882716049382716
484530008021,8114.096512182492,500.0,5488.619999999999,1385.09502492054,928.0,1.7,1.856
484530008022,4936.575935288494,464.0,2398.7799999999997,951.0301237037116,312.0,1.0,0.6724137931034483
484530008023,12277.083878384705,351.0,3691.9500000000003,2230.451868959335,416.0,1.5,1.1851851851851851
484530008031,9062.42205249682,484.0,5488.619999999999,1546.9763860705264,836.0,1.7,1.7272727272727273
484530008032,7722.317714053051,315.0,3691.9500000000003,1402.9600309510633,474.0,1.5,1.5047619047619047
484530008033,7882.012216529016,308.0,9040.395,1431.972694303243,591.0,2.1,1.9188311688311688
484530008041,9126.298953934796,434.0,5488.619999999999,1557.8803207545966,589.0,1.7,1.3571428571428572
484530008042,7316.493382295228,591.0,3691.9500000000003,1329.231477150753,761.0,1.5,1.287648054145516
484530009011,8497.010714793734,360.0,3691.9500000000003,1543.703180422737,646.0,1.5,1.7944444444444445
484530009012,5513.969842125815,719.0,3691.9500000000003,1001.7561549292816,941.0,1.5,1.3087621696801113
484530009021,12227.34535401638,378.0,3691.9500000000003,2221.415571273699,681.0,1.5,1.8015873015873016
484530009022,5232.293424297242,1059.0,3691.9500000000003,950.58230136511,1247.0,1.5,1.1775259678942398
484530009023,14766.791531242216,374.0,5488.619999999999,2520.7254379158094,519.0,1.7,1.3877005347593583
484530009024,4217.828325015007,935.0,3691.9500000000003,766.2783087311699,894.0,1.5,0.9561497326203209
484530010001,7038.623650259511,226.0,5488.619999999999,1201.5093221562156,352.0,1.7,1.5575221238938053
484530010002,8366.154920934061,280.0,3691.9500000000003,1519.9298191856817,576.0,1.5,2.057142857142857
484530010003,6876.336678143385,407.0,9040.395,1249.2655542055702,831.0,2.1,2.041769041769042
484530010004,7157.101159678256,190.0,2398.7799999999997,1378.8137548118177,281.0,1.0,1.4789473684210526
484530010005,7669.782749715609,398.0,2398.7799999999997,1477.5817353686373,367.0,1.0,0.9221105527638191
484530011001,8065.245346739369,3181.0,9040.395,1465.2617621129452,3809.0,2.1,1.1974221942785288
484530011002,6811.837003658053,1411.0,9040.395,1237.5475093564698,1890.0,2.1,1.339475549255847
484530012001,7611.212756446051,598.0,5488.619999999999,1299.2516057378725,733.0,1.7,1.225752508361204
484530012002,4756.396160696557,2331.0,9040.395,864.1231754402947,3116.0,2.1,1.3367653367653367
484530012003,2757.795212754881,600.0,10515.599999999999,568.2770045588817,756.0,2.5,1.26
484530013031,2723.151556211048,1122.0,9040.395,494.7313660293727,1590.0,2.1,1.4171122994652405
484530013032,2310.0247637783027,1517.0,5488.619999999999,394.3265652495866,1829.0,1.7,1.2056690837178643
484530013033,1264.9186749601108,387.0,10515.599999999999,260.65176714077217,758.0,2.5,1.958656330749354
484530013041,8224.934081165491,795.0,5488.619999999999,1404.0152540726265,1247.0,1.7,1.568553459119497
484530013042,2774.038788149769,576.0,10515.599999999999,571.6241894136673,1016.0,2.5,1.7638888888888888
484530013043,5264.744196997806,414.0,9040.395,956.4778289461003,578.0,2.1,1.396135265700483
484530013044,6368.63783538488,426.0,9040.395,1157.0288436058386,862.0,2.1,2.023474178403756
484530013051,5133.566341467851,851.0,5488.619999999999,876.3116372834608,1133.0,1.7,1.3313748531139835
484530013052,9948.227280732335,725.0,9040.395,1807.354445969713,944.0,2.1,1.3020689655172413
484530013053,7369.422316977872,792.0,3691.9500000000003,1338.8473959189535,1092.0,1.5,1.378787878787879
484530013054,9065.001161084512,602.0,10515.599999999999,1867.952951081492,1113.0,2.5,1.8488372093023255
484530013071,7080.053661606848,567.0,3691.9500000000003,1286.2760471700137,730.0,1.5,1.2874779541446209
484530013072,8037.797335183423,319.0,9040.395,1460.275116319805,584.0,2.1,1.8307210031347962
484530013073,7335.976617753491,1029.0,5488.619999999999,1252.268160839352,1356.0,1.7,1.3177842565597668
484530013081,6580.880527572368,250.0,9040.395,1195.588253491114,430.0,2.1,1.72
484530013082,2691.7987235076585,264.0,5488.619999999999,459.49626238979386,374.0,1.7,1.4166666666666667
484530013083,7670.793577544641,748.0,2398.7799999999997,1477.776471097995,1081.0,1.0,1.445187165775401
484530013084,6292.085056626263,404.0,5488.619999999999,1074.0734590998543,620.0,1.7,1.5346534653465347
484530014011,4091.556134407646,1131.0,3691.9500000000003,743.3376783398076,1652.0,1.5,1.4606542882404951
484530014012,4105.628761215124,558.0,9040.395,745.8943373212754,920.0,2.1,1.6487455197132617
484530014021,9126.426403204869,372.0,10515.599999999999,1880.6103639434102,612.0,2.5,1.6451612903225807
484530014022,2240.527052222386,399.0,9040.395,407.050061772558,755.0,2.1,1.8922305764411027
484530014023,8384.360455629896,544.0,5488.619999999999,1431.2297046008186,712.0,1.7,1.3088235294117647
484530014031,7923.098487822255,415.0,3691.9500000000003,1439.437084992625,598.0,1.5,1.4409638554216868
484530014032,12422.781232686342,389.0,3691.9500000000003,2256.9215859885285,647.0,1.5,1.6632390745501284
484530015011,6157.030444911243,675.0,5488.619999999999,1051.0193247919626,981.0,1.7,1.4533333333333334
484530015012,8902.514991672018,601.0,10515.599999999999,1834.470713818581,1129.0,2.5,1.8785357737104826
484530015013,6019.497390064218,449.0,10515.599999999999,1240.390123949259,0.0,2.5,0.0
484530015014,11137.124183643771,592.0,10515.599999999999,2294.938921211296,1113.0,2.5,1.8800675675675675
484530015031,5970.448539682798,699.0,3691.9500000000003,1084.6873928512346,917.0,1.5,1.311874105865522
484530015032,5074.477367740268,275.0,2398.7799999999997,977.596800299534,0.0,1.0,0.0
484530015033,10222.798384496926,628.0,3691.9500000000003,1857.2374342770743,1078.0,1.5,1.71656050955414
484530015034,4989.060896193415,372.0,5488.619999999999,851.644223847715,730.0,1.7,1.9623655913978495
484530015041,2865.1393656423643,1212.0,5488.619999999999,489.0859105628021,1800.0,1.7,1.4851485148514851
484530015042,11094.674806747891,354.0,9040.395,2015.6364820293734,542.0,2.1,1.5310734463276836
484530015043,6892.413336349351,586.0,10515.599999999999,1420.2649953292348,1087.0,2.5,1.8549488054607508
484530015044,6984.855753086412,732.0,10515.599999999999,1439.313871559984,1132.0,2.5,1.546448087431694
484530015051,4141.879620778382,354.0,10515.599999999999,853.4843099492394,608.0,2.5,1.7175141242937852
484530015052,5318.657245637231,730.0,5488.619999999999,907.9070823386362,1134.0,1.7,1.5534246575342465
484530015053,3121.105318286784,737.0,5488.619999999999,532.779890172797,1269.0,1.7,1.7218453188602443
484530015054,3735.312321023053,550.0,5488.619999999999,637.6264448673425,821.0,1.7,1.4927272727272727
484530016021,2790.6585669494966,729.0,9040.395,506.9957717922534,1172.0,2.1,1.607681755829904
484530016022,9531.248542413843,414.0,10515.599999999999,1964.028854041878,673.0,2.5,1.6256038647342994
484530016023,8693.909169916426,538.0,2398.7799999999997,1674.879435000782,614.0,1.0,1.141263940520446
484530016031,9661.464846542503,358.0,10515.599999999999,1990.8614958974865,664.0,2.5,1.8547486033519553
484530016032,7589.48655167692,427.0,10515.599999999999,1563.9053486565826,812.0,2.5,1.901639344262295
484530016033,3398.2682995564146,207.0,10515.599999999999,700.2542179447062,0.0,2.5,0.0
484530016034,5494.419011603959,317.0,10515.599999999999,1132.1913836330932,722.0,2.5,2.277602523659306
484530016035,12841.061410427114,538.0,10515.599999999999,2646.0557621987455,1202.0,2.5,2.2342007434944238
484530016041,6156.42551903212,550.0,10515.599999999999,1268.6058183597227,1030.0,2.5,1.8727272727272728
484530016042,4609.268741555336,272.0,10515.599999999999,949.7954821095578,475.0,2.5,1.7463235294117647
484530016043,7804.13066509036,369.0,10515.599999999999,1608.135360099288,662.0,2.5,1.7940379403794038
484530016044,5236.763630120302,464.0,10515.599999999999,1079.0983810342004,868.0,2.5,1.8706896551724137
484530016051,9391.533593560736,656.0,10515.599999999999,1935.2389017426178,1293.0,2.5,1.9710365853658536
484530016052,3313.601688472754,428.0,10515.599999999999,682.8076403633668,756.0,2.5,1.766355140186916
484530016053,3638.159279523069,318.0,10515.599999999999,749.6866511020488,604.0,2.5,1.89937106918239
484530016054,5754.310446875996,496.0,9040.395,1045.420282043023,707.0,2.1,1.4254032258064515
484530016061,14727.217439856306,,0.0,0.0,,,0.0
484530017051,5624.305804649727,516.0,10515.599999999999,1158.9561257511546,919.0,2.5,1.7810077519379846
484530017052,1394.9402715439987,483.0,10515.599999999999,287.4442871556448,0.0,2.5,0.0
484530017053,2477.953509872381,401.0,10515.599999999999,510.6122425311515,0.0,2.5,0.0
484530017054,2938.818629084048,854.0,10515.599999999999,605.5790653902193,1285.0,2.5,1.5046838407494145
484530017061,5168.740316795027,501.0,10515.599999999999,1065.081355927379,985.0,2.5,1.966067864271457
484530017062,5446.0120837119575,750.0,5488.619999999999,929.646847493268,1188.0,1.7,1.584
484530017063,10050.735320643662,734.0,9040.395,1825.977699787024,1041.0,2.1,1.4182561307901906
484530017071,6054.526764215455,941.0,9040.395,1099.9623909619686,1321.0,2.1,1.403825717321998
484530017072,9878.401148100666,1134.0,9040.395,1794.6687113463047,1864.0,2.1,1.6437389770723103
484530017073,3004.789737809752,443.0,10515.599999999999,619.1732089584872,963.0,2.5,2.1738148984198644
484530017121,8407.951228133035,726.0,9040.395,1527.5232063801511,1183.0,2.1,1.6294765840220387
484530017122,12336.298575935967,849.0,5488.619999999999,2105.8346739909903,1207.0,1.7,1.4216725559481744
484530017123,15265.54561543633,345.0,5488.619999999999,2605.863912623236,598.0,1.7,1.7333333333333334
484530017131,10187.670774162703,879.0,5488.619999999999,1739.058943116473,1471.0,1.7,1.6734926052332195
484530017132,17885.25678708416,248.0,9040.395,3249.322463113945,603.0,2.1,2.431451612903226
484530017133,11605.19371264494,885.0,5488.619999999999,1981.0333843687604,1509.0,1.7,1.7050847457627119
484530017141,12276.914743340649,4237.0,9040.395,2230.42114117586,7494.0,2.1,1.7687042718904886
484530017142,12508.07393127832,1166.0,10515.599999999999,2577.439671224659,0.0,2.5,0.0
484530017143,4522.390770721003,674.0,10515.599999999999,931.8932271489473,1965.0,2.5,2.9154302670623147
484530017161,6040.336862032042,1437.0,10515.599999999999,1244.6843487893384,2458.0,2.5,1.7105080027835768
484530017162,8123.647806437093,1662.0,10515.599999999999,1673.975725312032,2977.0,2.5,1.7912154031287606
484530017181,9142.723323646016,1015.0,3691.9500000000003,1661.0136842436714,1476.0,1.5,1.4541871921182266
484530017182,3957.260931304825,617.0,10515.599999999999,815.4413996728033,1130.0,2.5,1.8314424635332254
484530017183,2871.510475349258,392.0,9040.395,521.684625593821,0.0,2.1,0.0
484530017184,3827.544679387888,883.0,10515.599999999999,788.7117996136584,1419.0,2.5,1.6070215175537939
484530017191,9945.219415786434,640.0,10515.599999999999,2049.332551287693,1336.0,2.5,2.0875
484530017192,3977.7477383526384,338.0,10515.599999999999,819.6629536476096,739.0,2.5,2.1863905325443787
484530017193,14711.002314034917,649.0,10515.599999999999,3031.379665326001,1340.0,2.5,2.0647149460708785
484530017221,2213.023351172191,298.0,9040.395,402.0532985331447,406.0,2.1,1.3624161073825503
484530017222,7271.051457305079,991.0,2398.7799999999997,1400.7662512524053,1060.0,1.0,1.0696266397578205
484530017223,6413.21266522227,1029.0,3691.9500000000003,1165.1270217647736,1790.0,1.5,1.73955296404276
484530017281,5823.3387593919015,548.0,9040.395,1057.9610718744982,1209.0,2.1,2.2062043795620436
484530017282,8660.718863854527,502.0,9040.395,1573.4450271555265,917.0,2.1,1.8266932270916334
484530017283,8853.713102851325,488.0,3691.9500000000003,1608.5074544658648,872.0,1.5,1.7868852459016393
484530017284,14979.054452142544,1065.0,9040.395,2721.33515816793,1989.0,2.1,1.8676056338028169
484530017285,16227.284161275596,471.0,9040.395,2948.108577263661,837.0,2.1,1.7770700636942676
484530017291,7956.174362380004,668.0,3691.9500000000003,1445.446178597881,996.0,1.5,1.4910179640718564
484530017292,2136.3262563608278,407.0,9040.395,388.1192747730771,681.0,2.1,1.6732186732186731
484530017293,5590.830977603177,1171.0,5488.619999999999,954.3677673322252,1717.0,1.7,1.4662681468830059
484530017331,28747.092422868045,939.0,10515.599999999999,5923.685521060039,0.0,2.5,0.0
484530017332,10986.8373473114,473.0,10515.599999999999,2263.9705038391166,0.0,2.5,0.0
484530017371,15314.263846575155,480.0,10515.599999999999,3155.6889886187596,1085.0,2.5,2.2604166666666665
484530017372,17460.82858917742,2284.0,10515.599999999999,3598.014574063216,4001.0,2.5,1.751751313485114
484530017373,16962.92712524769,1493.0,10515.599999999999,3495.4159651531572,2764.0,2.5,1.8513060951105158
484530017381,20340.252217494675,393.0,9040.395,3695.336288570207,747.0,2.1,1.900763358778626
484530017382,15020.5630966814,421.0,10515.599999999999,3095.168402603385,0.0,2.5,0.0
484530017383,19325.89268166309,501.0,10515.599999999999,3982.3335513702114,964.0,2.5,1.9241516966067864
484530017384,16797.676523784947,1157.0,9040.395,3051.7351976893015,2308.0,2.1,1.9948141745894554
484530017385,20615.56677311716,333.0,9040.395,3745.3543442602095,584.0,2.1,1.7537537537537538
484530017401,15707.598625268734,1034.0,9040.395,2853.6941718120192,1696.0,2.1,1.6402321083172147
484530017402,14736.884608524337,987.0,10515.599999999999,3036.713024639823,2231.0,2.5,2.260385005065856
484530017411,16686.83474917126,737.0,10515.599999999999,3438.5237971877464,1752.0,2.5,2.377204884667571
484530017412,15938.360682309252,531.0,9040.395,2895.6181063969343,1015.0,2.1,1.911487758945386
484530017421,22234.74201025133,1068.0,9040.395,4039.519674530296,2224.0,2.1,2.0823970037453186
484530017422,11893.211068962217,1371.0,10515.599999999999,2450.73975384303,2699.0,2.5,1.9686360320933625
484530017451,5083.340087453139,412.0,9040.395,923.5210503512111,912.0,2.1,2.2135922330097086
484530017452,8865.034655492907,557.0,9040.395,1610.5643092124064,912.0,2.1,1.637342908438061
484530017461,10545.742782363866,1412.0,5488.619999999999,1800.1826623596567,2260.0,1.7,1.6005665722379603
484530017462,7847.576205939158,614.0,5488.619999999999,1339.5993927619022,947.0,1.7,1.5423452768729642
484530017471,5850.922467884489,1239.0,5488.619999999999,998.7659857502501,2359.0,1.7,1.9039548022598871
484530017472,3352.444595371933,363.0,5488.619999999999,572.2700393567837,692.0,1.7,1.90633608815427
484530017473,6465.326211303236,602.0,9040.395,1174.5948039682528,1187.0,2.1,1.9717607973421927
484530017481,13178.928188876394,886.0,10515.599999999999,2715.677291712287,1691.0,2.5,1.9085778781038374
484530017482,17558.93318198707,1637.0,5488.619999999999,2997.3504698603574,2911.0,1.7,1.7782529016493587
484530017491,6969.056901903597,501.0,5488.619999999999,1189.6341174549889,849.0,1.7,1.6946107784431137
484530017492,2890.489204032714,497.0,9040.395,525.1326056908713,1104.0,2.1,2.221327967806841
484530017493,10922.921805387145,1111.0,5488.619999999999,1864.567993186023,1461.0,1.7,1.315031503150315
484530017494,13804.26808282202,865.0,9040.395,2507.9046335388466,1264.0,2.1,1.461271676300578
484530017501,9415.131105889315,799.0,3691.9500000000003,1710.5036488836763,0.0,1.5,0.0
484530017502,11358.698185272564,803.0,5488.619999999999,1938.9560282372386,1305.0,1.7,1.6251556662515567
484530017503,11789.41256861394,1030.0,3691.9500000000003,2141.853681059754,1462.0,1.5,1.4194174757281552
484530017511,13273.588943441586,282.0,10515.599999999999,2735.183283239429,535.0,2.5,1.8971631205673758
484530017512,11072.861755101289,690.0,10515.599999999999,2281.6968718274616,1332.0,2.5,1.9304347826086956
484530017521,3822.728573932996,790.0,2398.7799999999997,736.4477071172104,0.0,1.0,0.0
484530017522,7866.296011922659,734.0,3691.9500000000003,1429.1174366309456,940.0,1.5,1.2806539509536785
484530017523,4377.092744883603,647.0,2398.7799999999997,843.2458264993749,662.0,1.0,1.0231839258114375
484530017531,7507.853372592997,830.0,3691.9500000000003,1363.997000644094,0.0,1.5,0.0
484530017541,3279.8799239038576,1040.0,5488.619999999999,559.8830822526231,1707.0,1.7,1.6413461538461538
484530017542,4705.7310069271725,652.0,9040.395,854.9185314030412,1138.0,2.1,1.7453987730061349
484530017543,4256.71720002256,618.0,10515.599999999999,877.1479798409875,1062.0,2.5,1.7184466019417475
484530017551,8018.800551646748,815.0,10515.599999999999,1652.370682409314,1724.0,2.5,2.115337423312883
484530017552,12512.28031036744,1320.0,10515.599999999999,2578.3064464289046,3173.0,2.5,2.403787878787879
484530017561,8534.825842947022,908.0,10515.599999999999,1758.7039247981893,1871.0,2.5,2.0605726872246697
484530017562,4828.123320863779,838.0,9040.395,877.1542812008245,1453.0,2.1,1.733890214797136
484530017571,17824.203205151527,262.0,10515.599999999999,3672.892301511376,0.0,2.5,0.0
484530017572,9481.537551953648,786.0,9040.395,1722.568108424913,1225.0,2.1,1.5585241730279897
484530017601,26317.081649522417,4020.0,10515.599999999999,5422.952458309086,8047.0,2.5,2.0017412935323384
484530017602,34795.13603975818,2018.0,10515.599999999999,7169.95793974861,4847.0,2.5,2.4018830525272548
484530017611,11557.004360144729,1272.0,10515.599999999999,2381.4603017228183,2381.0,2.5,1.8718553459119496
484530017612,10286.186431853945,1845.0,10515.599999999999,2119.592922198507,4000.0,2.5,2.168021680216802
484530017641,30235.937039183715,1194.0,9040.395,5493.1450291318815,2692.0,2.1,2.254606365159129
484530017642,24397.447308979263,1723.0,10515.599999999999,5027.388622442356,3894.0,2.5,2.260011607661056
484530017651,18702.95692717604,1371.0,10515.599999999999,3853.9701170748485,2602.0,2.5,1.8978847556528082
484530017652,17895.792790241572,3877.0,10515.599999999999,3687.644199978827,8715.0,2.5,2.247872066030436
484530017661,21435.119066743293,514.0,5488.619999999999,3659.0243575916934,0.0,1.7,0.0
484530017662,33744.60957435051,660.0,10515.599999999999,6953.484276218192,1497.0,2.5,2.268181818181818
484530017663,9037.24489407938,2474.0,10515.599999999999,1862.2334371021866,5832.0,2.5,2.357316087308003
484530017681,16361.554918250898,821.0,10515.599999999999,3371.495960202639,1782.0,2.5,2.1705237515225333
484530017682,17965.20624398976,3014.0,10515.599999999999,3701.9476803060347,6340.0,2.5,2.1035169210351694
484530017691,15798.886233321256,997.0,9040.395,2870.2789421052366,2023.0,2.1,2.029087261785356
484530017692,24313.440558069826,1630.0,9040.395,4417.169375950666,3497.0,2.1,2.145398773006135
484530017701,32205.456764452345,2539.0,10515.599999999999,6636.323254137232,5607.0,2.5,2.2083497439936983
484530017702,20141.79739263644,739.0,10515.599999999999,4150.460569291257,0.0,2.5,0.0
484530017703,10133.562674823565,877.0,10515.599999999999,2088.142954097683,0.0,2.5,0.0
484530017711,5815.275789809641,865.0,10515.599999999999,1198.3077971970267,0.0,2.5,0.0
484530017712,6313.274805213651,973.0,10515.599999999999,1300.9265077663156,1955.0,2.5,2.0092497430626928
484530017721,20531.799051381266,716.0,9040.395,3730.135757065147,1510.0,2.1,2.1089385474860336
484530017722,18900.699431553046,893.0,5488.619999999999,3226.393069253871,1776.0,1.7,1.9888017917133258
484530017731,16520.311526460515,1706.0,10515.599999999999,3404.209676344443,3318.0,2.5,1.9449003516998828
484530017732,6634.151396912955,652.0,10515.599999999999,1367.0470041398623,1218.0,2.5,1.8680981595092025
484530017733,11969.018536313704,1033.0,10515.599999999999,2466.3607978822884,2083.0,2.5,2.0164569215876087
484530017741,3772.214654788211,363.0,10515.599999999999,777.3103799229397,0.0,2.5,0.0
484530017742,19607.27531479396,1875.0,9040.395,3562.1719542113597,3876.0,2.1,2.0672
484530017743,6022.300059801964,617.0,10515.599999999999,1240.967647891562,0.0,2.5,0.0
484530017751,22147.72379349244,2364.0,10515.599999999999,4563.805926180652,5534.0,2.5,2.3409475465313028
484530017752,7491.48502124481,244.0,9040.395,1361.0232635402347,481.0,2.1,1.971311475409836
484530017761,8326.067636727726,676.0,5488.619999999999,1421.2789857094715,1363.0,1.7,2.0162721893491122
484530017762,6355.606116320361,512.0,9040.395,1154.661292611552,1143.0,2.1,2.232421875
484530017771,12579.791493828918,1531.0,9040.395,2285.4465870295194,2932.0,2.1,1.915088177661659
484530017772,5241.469694927497,843.0,9040.395,952.2494097908626,1442.0,2.1,1.7105575326215896
484530017781,9798.450380176257,1023.0,10515.599999999999,2019.0890192325226,1927.0,2.5,1.8836754643206257
484530017782,5454.556776557427,756.0,9040.395,990.9622249984999,1472.0,2.1,1.947089947089947
484530017791,35029.88890943887,723.0,5488.619999999999,5979.682984930674,1454.0,1.7,2.0110650069156293
484530017792,12532.467248073664,671.0,9040.395,2276.848905899578,1166.0,2.1,1.7377049180327868
484530017793,25041.92253850284,1144.0,9040.395,4549.517090673113,2331.0,2.1,2.0375874125874125
484530017801,32156.990384020177,1263.0,10515.599999999999,6626.336171207209,2967.0,2.5,2.34916864608076
484530017802,17593.85297611163,625.0,9040.395,3196.3813753732406,1370.0,2.1,2.192
484530017811,13216.812271897526,474.0,10515.599999999999,2723.483764477247,946.0,2.5,1.9957805907172996
484530017812,11873.682215519206,489.0,10515.599999999999,2446.7155977759894,1042.0,2.5,2.130879345603272
484530017821,6296.065517185885,493.0,10515.599999999999,1297.3803261623377,921.0,2.5,1.86815415821501
484530017822,10629.014152263402,643.0,10515.599999999999,2190.2367137073843,0.0,2.5,0.0
484530017823,6947.419409357256,687.0,10515.599999999999,1431.599660882684,1505.0,2.5,2.190684133915575
484530017831,21024.23219123888,972.0,10515.599999999999,4332.2969151334055,2272.0,2.5,2.337448559670782
484530017832,19056.27704321311,860.0,10515.599999999999,3926.7759934007313,1852.0,2.5,2.1534883720930234
484530017841,20676.72561772528,1238.0,10515.599999999999,4260.688989444261,2080.0,2.5,1.680129240710824
484530017842,8239.979255424318,862.0,10515.599999999999,1697.9472251031334,1901.0,2.5,2.2053364269141533
484530017851,9151.11028155059,1718.0,5488.619999999999,1562.1156717133524,2715.0,1.7,1.580325960419092
484530017852,952.9676412528148,880.0,3691.9500000000003,173.1313785541855,1182.0,1.5,1.3431818181818183
484530017861,579.477424107069,853.0,9040.395,105.27715835638708,1231.0,2.1,1.4431418522860493
484530017862,947.8646861409308,467.0,3691.9500000000003,172.2042939240514,732.0,1.5,1.5674518201284797
484530017863,3175.155945528844,835.0,5488.619999999999,542.0064571447832,0.0,1.7,0.0
484530017864,1177.2847621247072,597.0,5488.619999999999,200.9652293986688,923.0,1.7,1.5460636515912898
484530018041,13799.783463020249,788.0,3691.9500000000003,2507.0898856135636,1189.0,1.5,1.5088832487309645
484530018042,8992.668132213785,871.0,5488.619999999999,1535.069230688818,1530.0,1.7,1.756601607347876
484530018043,10591.780555951456,1082.0,2398.7799999999997,2040.5038845574663,0.0,1.0,0.0
484530018051,5048.271606379531,677.0,3691.9500000000003,917.1499479031852,752.0,1.5,1.1107828655834564
484530018052,4904.790517131002,1119.0,3691.9500000000003,891.0828731120658,1720.0,1.5,1.5370866845397677
484530018061,6277.374235867847,326.0,9040.395,1140.4484350880543,876.0,2.1,2.687116564417178
484530018062,4667.32190572822,929.0,3691.9500000000003,847.9405183501955,0.0,1.5,0.0
484530018063,10637.082394846564,791.0,3691.9500000000003,1932.5029089058828,1091.0,1.5,1.3792667509481669
484530018064,6219.405710510291,361.0,3691.9500000000003,1129.9169434891235,438.0,1.5,1.2132963988919667
484530018111,9537.149015352816,690.0,3691.9500000000003,1732.671378362868,707.0,1.5,1.0246376811594202
484530018112,5502.269997745354,624.0,3691.9500000000003,999.6305736411324,897.0,1.5,1.4375
484530018121,6016.236829230353,1051.0,2398.7799999999997,1159.0265258624843,1238.0,1.0,1.1779257849666984
484530018122,4033.514603376773,1175.0,3691.9500000000003,732.7929233599218,0.0,1.5,0.0
484530018123,12141.405539531872,788.0,3691.9500000000003,2205.802366889515,1267.0,1.5,1.6078680203045685
484530018131,7147.975950366325,1402.0,3691.9500000000003,1298.6158989954376,2229.0,1.5,1.5898716119828815
484530018132,3538.0083957005727,969.0,5488.619999999999,603.9462088791271,1672.0,1.7,1.7254901960784315
484530018171,3455.415714333652,653.0,2398.7799999999997,665.6849762523576,893.0,1.0,1.3675344563552834
484530018172,6792.710310585499,832.0,3691.9500000000003,1234.0726476765071,982.0,1.5,1.1802884615384615
484530018173,5094.96227455307,795.0,9040.395,925.63252317287,1206.0,2.1,1.5169811320754718
484530018181,11509.850994602495,629.0,5488.619999999999,1964.75816207818,1280.0,1.7,2.0349761526232113
484530018182,10548.84191773892,889.0,5488.619999999999,1800.711691929751,1320.0,1.7,1.4848143982002249
484530018183,12099.418126444589,616.0,9040.395,2198.1742603357934,1131.0,2.1,1.8360389610389611
484530018191,10165.237270790563,1168.0,5488.619999999999,1735.2294922508545,1833.0,1.7,1.5693493150684932
484530018192,14934.445814892902,279.0,3691.9500000000003,2713.230838012525,0.0,1.5,0.0
484530018201,10085.57372612032,906.0,3691.9500000000003,1832.3070030138092,1260.0,1.5,1.390728476821192
484530018202,5042.579754749484,1033.0,2398.7799999999997,971.4517331059702,1089.0,1.0,1.054211035818006
484530018203,11195.647479175888,1017.0,3691.9500000000003,2033.980796376477,1465.0,1.5,1.440511307767945
484530018211,9116.646166332064,651.0,3691.9500000000003,1656.276089808037,1046.0,1.5,1.6067588325652842
484530018212,3157.324973295617,459.0,5488.619999999999,538.9626689802403,1005.0,1.7,2.189542483660131
484530018213,5568.020404347778,919.0,3691.9500000000003,1011.5758465368738,1470.0,1.5,1.5995647442872687
484530018221,4286.572512327119,1192.0,3691.9500000000003,778.7674798233661,1377.0,1.5,1.1552013422818792
484530018222,3313.4651121449087,540.0,9040.395,601.9771898053966,951.0,2.1,1.761111111111111
484530018223,7422.24104158265,339.0,5488.619999999999,1266.993697329337,0.0,1.7,0.0
484530018224,2236.8343840631005,419.0,2398.7799999999997,430.92558665481687,466.0,1.0,1.1121718377088305
484530018231,2448.729168650841,1335.0,3691.9500000000003,444.87539589174105,2030.0,1.5,1.5205992509363295
484530018232,6185.778964467035,350.0,5488.619999999999,1055.926763513054,682.0,1.7,1.9485714285714286
484530018233,8858.968126945781,647.0,3691.9500000000003,1609.4621663851622,834.0,1.5,1.2890262751159196
484530018241,4127.230720683425,293.0,5488.619999999999,704.527821345842,543.0,1.7,1.8532423208191127
484530018242,6287.552890416196,598.0,5488.619999999999,1073.2998078547337,1011.0,1.7,1.6906354515050168
484530018261,11015.266424423477,425.0,3691.9500000000003,2001.209882315547,704.0,1.5,1.6564705882352941
484530018262,2261.316821105105,920.0,3691.9500000000003,410.82706446464965,1395.0,1.5,1.516304347826087
484530018281,6036.196000510793,721.0,9040.395,1096.6321305703702,1412.0,2.1,1.9583911234396671
484530018282,2987.908970508226,422.0,9040.395,542.8314421866822,863.0,2.1,2.0450236966824646
484530018283,4124.196820668876,534.0,10515.599999999999,849.8405554630588,1098.0,2.5,2.056179775280899
484530018291,5647.587359478574,666.0,3691.9500000000003,1026.0312551287584,896.0,1.5,1.3453453453453454
484530018292,3961.1681137872606,749.0,3691.9500000000003,719.6493002881858,1075.0,1.5,1.4352469959946594
484530018321,5212.396060655757,863.0,5488.619999999999,889.7680525108516,1427.0,1.7,1.6535341830822712
484530018322,5647.415959527544,383.0,10515.599999999999,1163.7182522238227,0.0,2.5,0.0
484530018331,4903.749065100978,993.0,9040.395,890.893666240971,2490.0,2.1,2.5075528700906347
484530018332,7604.818794405926,563.0,3691.9500000000003,1381.613293604987,836.0,1.5,1.4849023090586146
484530018333,10604.942918208824,545.0,9040.395,1926.6639363579936,1162.0,2.1,2.1321100917431193
484530018334,3805.444390946208,565.0,5488.619999999999,649.5981512664587,987.0,1.7,1.7469026548672566
484530018341,9915.299824616624,1327.0,9040.395,1801.3723164379053,2081.0,2.1,1.5681989449886964
484530018342,10905.71467433612,3136.0,5488.619999999999,1861.6306961528726,5829.0,1.7,1.858737244897959
484530018351,13552.735976702765,758.0,5488.619999999999,2313.4833492809234,1699.0,1.7,2.241424802110818
484530018352,12845.875288853316,494.0,5488.619999999999,2192.8205964307194,917.0,1.7,1.8562753036437247
484530018353,9601.011041501124,1183.0,3691.9500000000003,1744.2735777930443,1836.0,1.5,1.551986475063398
484530018391,11127.860589223874,2190.0,5488.619999999999,1899.5515171654743,3831.0,1.7,1.7493150684931507
484530018392,11534.675758347212,1609.0,5488.619999999999,1968.9958066151914,2893.0,1.7,1.798011187072716
484530018401,11699.18154348203,2530.0,5488.619999999999,1997.0773242824737,4873.0,1.7,1.9260869565217391
484530018402,4585.13872686657,399.0,5488.619999999999,782.6937761484872,818.0,1.7,2.0501253132832082
484530018403,17908.79025733317,1032.0,5488.619999999999,3057.0718810818753,1990.0,1.7,1.928294573643411
484530018411,9349.56347635955,2185.0,9040.395,1698.5915822010188,4738.0,2.1,2.168421052631579
484530018412,14755.631026216482,608.0,9040.395,2680.7444769554754,0.0,2.1,0.0
484530018413,5874.415028549422,1021.0,10515.599999999999,1210.494151458395,0.0,2.5,0.0
484530018414,11271.39355229297,1579.0,9040.395,2047.7420422899124,3037.0,2.1,1.9233692210259659
484530018421,15316.74358942567,2954.0,5488.619999999999,2614.603525092989,6261.0,1.7,2.1194989844278944
484530018422,24702.2623345658,939.0,5488.619999999999,4216.733263218994,0.0,1.7,0.0
484530018431,5128.844301333444,464.0,5488.619999999999,875.5055741206893,891.0,1.7,1.9202586206896552
484530018432,1490.2436357140618,545.0,9040.395,270.7415486779676,1065.0,2.1,1.9541284403669725
484530018441,1120.0958722199948,597.0,5488.619999999999,191.20295373817888,980.0,1.7,1.6415410385259632
484530018442,1299.7013839146284,813.0,3691.9500000000003,236.1245886692458,1184.0,1.5,1.4563345633456335
484530018443,888.3518892967163,279.0,3691.9500000000003,161.3922452109298,532.0,1.5,1.906810035842294
484530018451,3834.970674301933,1073.0,5488.619999999999,654.638356065478,1664.0,1.7,1.5507921714818267
484530018452,2698.15920308566,443.0,5488.619999999999,460.58201095174053,892.0,1.7,2.0135440180586905
484530018461,10385.659507703504,440.0,10515.599999999999,2140.0905506361087,940.0,2.5,2.1363636363636362
484530018462,3631.2789539516175,598.0,9040.395,659.7163471216522,1118.0,2.1,1.8695652173913044
484530018471,3732.2653459726553,757.0,3691.9500000000003,678.0631539899636,984.0,1.5,1.2998678996036988
484530018472,9493.398754615022,2321.0,9040.395,1724.7230046450766,3956.0,2.1,1.7044377423524344
484530018481,8824.311375020796,428.0,3691.9500000000003,1603.1658652546275,567.0,1.5,1.324766355140187
484530018482,2282.629399783283,464.0,9040.395,414.6990491652493,880.0,2.1,1.896551724137931
484530018483,9330.929233564311,1285.0,5488.619999999999,1592.811182352976,2061.0,1.7,1.6038910505836577
484530018491,3139.312772227373,2575.0,3691.9500000000003,570.337883932721,3187.0,1.5,1.2376699029126215
484530018492,8109.628898253338,771.0,2398.7799999999997,1562.317986271662,913.0,1.0,1.1841763942931258
484530018493,12235.88360048719,658.0,2398.7799999999997,2357.239926365176,0.0,1.0,0.0
484530018494,5223.587239979542,927.0,5488.619999999999,891.6784126823254,1245.0,1.7,1.343042071197411
484530018501,8277.023943720471,532.0,3691.9500000000003,1503.7368570232063,695.0,1.5,1.306390977443609
484530018502,6713.89227193978,505.0,2398.7799999999997,1293.4296730397878,833.0,1.0,1.6495049504950494
484530018503,6264.255023741555,896.0,3691.9500000000003,1138.0649887015813,1159.0,1.5,1.2935267857142858
484530018511,4720.562699121685,830.0,9040.395,857.6130943711516,1329.0,2.1,1.6012048192771084
484530018512,6836.879550445117,1182.0,5488.619999999999,1167.071138121746,1553.0,1.7,1.3138747884940778
484530018513,12564.446360580476,1402.0,3691.9500000000003,2282.6587441286756,1966.0,1.5,1.4022824536376606
484530018514,9257.048130195775,878.0,5488.619999999999,1580.1995072813572,1360.0,1.7,1.5489749430523918
484530018531,9867.607132313004,747.0,9040.395,1792.7076974014903,1450.0,2.1,1.9410977242302543
484530018532,5391.787528877004,558.0,5488.619999999999,920.3905906792578,1040.0,1.7,1.863799283154122
484530018541,21970.544177017706,752.0,9040.395,3991.5212608395295,1534.0,2.1,2.0398936170212765
484530018542,14096.42432201243,1063.0,5488.619999999999,2406.2922061961767,2185.0,1.7,2.0555032925682033
484530018543,23165.770944977587,722.0,9040.395,4208.665315961607,1514.0,2.1,2.096952908587258
484530018551,4894.489752679508,983.0,10515.599999999999,1008.568715556789,2057.0,2.5,2.0925737538148526
484530018552,11326.835616690732,1914.0,9040.395,2057.814536489669,3241.0,2.1,1.693312434691745
484530018553,20220.235475119345,1399.0,9040.395,3673.5321231845837,3147.0,2.1,2.2494639027877055
484530018554,2601.6123248958284,1640.0,9040.395,472.6506008961968,3506.0,2.1,2.1378048780487804
484530018555,13212.705780823677,752.0,9040.395,2400.4319425343365,1722.0,2.1,2.2898936170212765
484530018561,29360.39744979049,775.0,9040.395,5334.080471712979,0.0,2.1,0.0
484530018562,13651.962048326614,2000.0,9040.395,2480.2342777231493,4482.0,2.1,2.241
484530018571,11790.5701225363,1370.0,5488.619999999999,2012.6775659104328,2164.0,1.7,1.5795620437956204
484530018572,14863.067429438195,1162.0,5488.619999999999,2537.159956215018,2076.0,1.7,1.7865748709122202
484530018581,19999.490449022724,2141.0,10515.599999999999,4121.13650517268,4717.0,2.5,2.203176085941149
484530018582,19349.23632328529,2428.0,10515.599999999999,3987.1437906059637,0.0,2.5,0.0
484530018583,18443.535748545342,716.0,10515.599999999999,3800.513250651428,0.0,2.5,0.0
484530018584,18905.084860815783,1034.0,10515.599999999999,3895.621018539619,2261.0,2.5,2.1866537717601546
484530018585,31112.598758939515,1343.0,9040.395,5652.413450741109,2732.0,2.1,2.0342516753536857
484530018591,33589.63393086315,275.0,9040.395,6102.4313689555765,580.0,2.1,2.109090909090909
484530018592,8518.117853021926,984.0,9040.395,1547.5378415178152,2018.0,2.1,2.0508130081300813
484530018601,7706.401818848195,715.0,5488.619999999999,1315.5005986555816,1320.0,1.7,1.8461538461538463
484530018602,5847.055997902309,867.0,3691.9500000000003,1062.2699256288681,1473.0,1.5,1.698961937716263
484530018611,8252.381487846498,793.0,9040.395,1499.2599134505863,1448.0,2.1,1.8259773013871374
484530018612,8305.992241988894,825.0,9040.395,1508.999702471964,1716.0,2.1,2.08
484530018621,10351.852120112671,1116.0,9040.395,1880.683404725082,2380.0,2.1,2.132616487455197
484530018622,7544.241869210228,1122.0,9040.395,1370.607918276694,1984.0,2.1,1.768270944741533
484530018631,6675.561446309035,1164.0,2398.7799999999997,1286.0452490343375,1371.0,1.0,1.1778350515463918
484530018632,10512.312060561662,718.0,3691.9500000000003,1909.835129810033,852.0,1.5,1.1866295264623956
484530018641,7427.101229688291,749.0,3691.9500000000003,1349.32627184168,960.0,1.5,1.2817089452603472
484530018642,3654.29164341621,832.0,3691.9500000000003,663.8972012018668,999.0,1.5,1.2007211538461537
484530019011,4223.677264904377,1012.0,5488.619999999999,720.9914693158472,1456.0,1.7,1.4387351778656126
484530019012,9930.950637403064,1156.0,9040.395,1804.2156939839126,1580.0,2.1,1.3667820069204153
484530019013,11515.235730801767,807.0,9040.395,2092.0423214257116,1487.0,2.1,1.842627013630731
484530019081,16078.392435489675,1501.0,10515.599999999999,3313.146911381766,3060.0,2.5,2.038640906062625
484530019082,20147.880010497734,2102.0,9040.395,3660.38686956464,3733.0,2.1,1.7759276879162702
484530019101,6093.881197459174,529.0,9040.395,1107.1121481885061,679.0,2.1,1.283553875236295
484530019102,16291.158355398891,343.0,10515.599999999999,3356.9898983733356,666.0,2.5,1.9416909620991254
484530019103,16901.84766823586,597.0,10515.599999999999,3482.8298054882807,1225.0,2.5,2.0519262981574538
484530019104,17378.24340675632,351.0,10515.599999999999,3580.9968999914954,780.0,2.5,2.2222222222222223
484530019111,8836.120868444425,1072.0,2398.7799999999997,1702.2764832820405,1428.0,1.0,1.3320895522388059
484530019112,6741.402230353711,647.0,9040.395,1224.7511993114606,0.0,2.1,0.0
484530019121,24308.733627734902,1159.0,10515.599999999999,5009.108097185161,2406.0,2.5,2.0759275237273513
484530019122,25979.95833554484,381.0,10515.599999999999,5353.484128627434,797.0,2.5,2.0918635170603674
484530019131,25698.1115163484,808.0,10515.599999999999,5295.406188171005,0.0,2.5,0.0
484530019132,29566.195028005044,853.0,10515.599999999999,6092.471503688765,2098.0,2.5,2.459554513481829
484530019141,16994.05789813775,1213.0,10515.599999999999,3501.8308368179373,2364.0,2.5,1.9488870568837593
484530019142,3438.494188899146,479.0,10515.599999999999,708.5432481800474,0.0,2.5,0.0
484530019143,8453.704329572958,1163.0,9040.395,1535.8354482470518,2124.0,2.1,1.826311263972485
484530019151,8242.677948034776,1093.0,5488.619999999999,1407.0441731502588,1491.0,1.7,1.364135407136322
484530019161,30179.90594849179,666.0,10515.599999999999,6218.934049546509,1555.0,2.5,2.334834834834835
484530019162,24631.12492276454,250.0,10515.599999999999,5075.54071647029,611.0,2.5,2.444
484530019171,15140.53770822855,422.0,10515.599999999999,3119.8906200319307,946.0,2.5,2.241706161137441
484530019172,18065.802670627392,502.0,10515.599999999999,3722.6767887382207,0.0,2.5,0.0
484530019173,12313.400793948498,409.0,10515.599999999999,2537.3249205578177,0.0,2.5,0.0
484530019174,13346.308345826365,425.0,10515.599999999999,2750.167994203248,0.0,2.5,0.0
484530019181,15340.852907814333,288.0,10515.599999999999,3161.1679857557288,0.0,2.5,0.0
484530019182,12512.34401251588,232.0,10515.599999999999,2578.319573025808,0.0,2.5,0.0
484530019183,12836.581126255694,484.0,10515.599999999999,2645.132545544829,804.0,2.5,1.6611570247933884
484530019191,9774.148122328384,510.0,10515.599999999999,2014.0812455479745,1230.0,2.5,2.411764705882353
484530019192,14952.328613348593,618.0,10515.599999999999,3081.1078633665875,1350.0,2.5,2.1844660194174756
484530019193,17466.59308866292,209.0,10515.599999999999,3599.202418789775,491.0,2.5,2.349282296650718
484530020021,6579.3678781295785,872.0,3691.9500000000003,1195.3134413443395,1481.0,1.5,1.698394495412844
484530020022,2772.0142711869303,540.0,5488.619999999999,473.18924174307386,916.0,1.7,1.6962962962962962
484530020031,13377.63600422169,653.0,5488.619999999999,2283.5933793522786,1311.0,1.7,2.007656967840735
484530020032,8687.9045192215,885.0,3691.9500000000003,1578.3840091175957,1198.0,1.5,1.3536723163841808
484530020041,6192.916113187366,1546.0,3691.9500000000003,1125.1044185897113,1855.0,1.5,1.1998706338939198
484530020042,1385.6467928496627,318.0,2398.7799999999997,266.9445093295124,308.0,1.0,0.9685534591194969
484530020051,8915.615722491848,1120.0,5488.619999999999,1521.9162062943265,1553.0,1.7,1.386607142857143
484530020052,5898.474104008731,876.0,3691.9500000000003,1071.6113630581044,1049.0,1.5,1.197488584474886
484530020053,5088.658912043788,760.0,3691.9500000000003,924.4873532914205,1463.0,1.5,1.925
484530021041,7119.70152041615,737.0,5488.619999999999,1215.3495019490622,1283.0,1.7,1.7408412483039348
484530021042,9152.431462998578,481.0,9040.395,1662.7774204678053,936.0,2.1,1.945945945945946
484530021051,9723.603226808586,664.0,5488.619999999999,1659.8415404022955,1053.0,1.7,1.5858433734939759
484530021052,9970.921298313891,1153.0,2398.7799999999997,1920.8955032961048,0.0,1.0,0.0
484530021053,6586.503489464964,282.0,2398.7799999999997,1268.8882558421997,444.0,1.0,1.574468085106383
484530021061,8535.624706307446,402.0,9040.395,1550.7184171347199,881.0,2.1,2.191542288557214
484530021062,6139.052007802805,359.0,9040.395,1115.3186017202559,657.0,2.1,1.83008356545961
484530021063,5393.452031273667,396.0,10515.599999999999,1111.3859181380185,0.0,2.5,0.0
484530021071,9841.224683639995,392.0,5488.619999999999,1679.9197948865117,721.0,1.7,1.8392857142857142
484530021072,4548.607641144276,386.0,5488.619999999999,776.4578353985929,667.0,1.7,1.7279792746113989
484530021073,7074.155484394009,374.0,9040.395,1285.2044897449648,673.0,2.1,1.7994652406417113
484530021074,12855.893736277603,442.0,3691.9500000000003,2335.607746535628,883.0,1.5,1.997737556561086
484530021081,10707.394745730144,964.0,5488.619999999999,1827.777026056354,1366.0,1.7,1.4170124481327802
484530021082,8598.024437198805,532.0,3691.9500000000003,1562.05495256674,635.0,1.5,1.193609022556391
484530021091,9909.506675105453,341.0,5488.619999999999,1691.5756886176837,684.0,1.7,2.005865102639296
484530021092,12290.794695298988,609.0,9040.395,2232.942795755499,1040.0,2.1,1.7077175697865352
484530021093,15450.114007296492,661.0,3691.9500000000003,2806.915388423921,813.0,1.5,1.2299546142208775
484530021101,9420.808743209986,1005.0,3691.9500000000003,1711.5351394964805,1864.0,1.5,1.8547263681592039
484530021102,8557.730678742377,361.0,5488.619999999999,1460.8244023150896,636.0,1.7,1.7617728531855956
484530021111,12540.228191797643,637.0,3691.9500000000003,2278.2588833506984,1060.0,1.5,1.664050235478807
484530021112,12654.247026496285,454.0,5488.619999999999,2160.109209226194,778.0,1.7,1.7136563876651982
484530021113,12238.570888138604,933.0,5488.619999999999,2089.1523318519876,1474.0,1.7,1.579849946409432
484530021121,5148.006687177843,498.0,3691.9500000000003,935.2694215152425,527.0,1.5,1.0582329317269077
484530021122,6558.759556167237,797.0,3691.9500000000003,1191.569403208545,1243.0,1.5,1.5595984943538268
484530021123,16779.070840650744,596.0,5488.619999999999,2864.2261660655913,1041.0,1.7,1.7466442953020134
484530021131,4805.14894993566,754.0,5488.619999999999,820.2500296324242,1286.0,1.7,1.7055702917771882
484530021132,18096.283615393066,235.0,9040.395,3287.6609796757534,570.0,2.1,2.425531914893617
484530021133,6364.858074525164,419.0,9040.395,1156.3421516554304,732.0,2.1,1.7470167064439142
484530022011,8553.804057352569,340.0,5488.619999999999,1460.154118970098,693.0,1.7,2.038235294117647
484530022012,10820.673584948036,324.0,5488.619999999999,1847.1139856788952,607.0,1.7,1.873456790123457
484530022021,7667.347074443007,804.0,5488.619999999999,1308.833863536773,1882.0,1.7,2.3407960199004973
484530022022,3349.804022759244,321.0,3691.9500000000003,608.5790988498069,560.0,1.5,1.7445482866043613
484530022023,10440.680240743495,1490.0,5488.619999999999,1782.2482437234728,2840.0,1.7,1.9060402684563758
484530022071,42120.2158218124,791.0,5488.619999999999,7190.018173407159,1782.0,1.7,2.2528445006321114
484530022072,16142.392274914848,2190.0,5488.619999999999,2755.543663639066,4876.0,1.7,2.22648401826484
484530022081,24917.804627838632,448.0,5488.619999999999,4253.526830762086,991.0,1.7,2.2120535714285716
484530022082,8059.873382187403,397.0,5488.619999999999,1375.8390113299872,727.0,1.7,1.8312342569269522
484530022083,14334.762953750836,,0.0,0.0,,,0.0
484530022084,10144.23463955494,686.0,3691.9500000000003,1842.9642849303618,1496.0,1.5,2.1807580174927113
484530022085,6135.2880261041055,429.0,5488.619999999999,1047.3078436585683,1255.0,1.7,2.9254079254079253
484530022091,21189.88185666909,1496.0,5488.619999999999,3617.1617991307257,3248.0,1.7,2.171122994652406
484530022092,22196.486018388256,791.0,5488.619999999999,3788.991455626457,1687.0,1.7,2.1327433628318584
484530022093,26935.226476042124,849.0,9040.395,4893.485035164193,1929.0,2.1,2.2720848056537104
484530022101,11365.65395326071,591.0,9040.395,2064.86689780039,1297.0,2.1,2.194585448392555
484530022102,35441.01723548888,755.0,5488.619999999999,6049.863540234743,1825.0,1.7,2.4172185430463577
484530022111,17592.585974347356,999.0,9040.395,3196.151191521677,2099.0,2.1,2.101101101101101
484530022121,11451.3990941171,365.0,9040.395,2080.4447346525135,777.0,2.1,2.128767123287671
484530023041,11172.566918983515,535.0,2398.7799999999997,2152.3922326595252,635.0,1.0,1.1869158878504673
484530023042,6245.778937163906,1478.0,5488.619999999999,1066.1688975020977,1957.0,1.7,1.324086603518268
484530023043,6596.255904518444,454.0,2398.7799999999997,1270.7670561718817,0.0,1.0,0.0
484530023071,9128.010790688812,550.0,2398.7799999999997,1758.5090040613898,800.0,1.0,1.4545454545454546
484530023072,2900.053407725617,1445.0,2398.7799999999997,558.694566284532,1584.0,1.0,1.0961937716262975
484530023073,5352.975379382009,304.0,3691.9500000000003,972.5073199554286,638.0,1.5,2.098684210526316
484530023074,4977.953941558967,477.0,2398.7799999999997,959.0015863000265,817.0,1.0,1.7127882599580713
484530023081,8250.077549189644,625.0,2398.7799999999997,1589.3753838737446,641.0,1.0,1.0256
484530023082,7021.032600215783,534.0,5488.619999999999,1198.5064892638395,848.0,1.7,1.5880149812734083
484530023083,7065.295669791703,482.0,2398.7799999999997,1361.1274500637503,0.0,1.0,0.0
484530023084,11988.454874800867,1043.0,3691.9500000000003,2178.0148972112734,0.0,1.5,0.0
484530023101,44340.33846118316,210.0,3691.9500000000003,8055.57669644655,312.0,1.5,1.4857142857142858
484530023102,16774.678357087967,623.0,5488.619999999999,2863.4763589711465,1325.0,1.7,2.1268057784911716
484530023121,3210.787311710821,476.0,3691.9500000000003,583.323094570122,568.0,1.5,1.1932773109243697
484530023122,3667.744030680318,955.0,3691.9500000000003,666.3411775249431,1695.0,1.5,1.774869109947644
484530023123,11411.671405233668,1245.0,3691.9500000000003,2073.227165822875,2046.0,1.5,1.6433734939759037
484530023131,10381.657988308843,1164.0,2398.7799999999997,2000.023824265146,1375.0,1.0,1.1812714776632303
484530023132,12815.91314449515,915.0,3691.9500000000003,2328.344231311115,1045.0,1.5,1.1420765027322404
484530023141,3239.6795377374115,273.0,3691.9500000000003,588.5721195159288,278.0,1.5,1.0183150183150182
484530023142,8523.590995728628,1049.0,2398.7799999999997,1642.0676811879957,1402.0,1.0,1.336510962821735
484530023143,426.7664997657247,382.0,3691.9500000000003,77.5332437605642,545.0,1.5,1.4267015706806283
484530023144,5398.327200864457,716.0,2398.7799999999997,1039.9863899452414,973.0,1.0,1.3589385474860336
484530023151,5453.804438028857,725.0,2398.7799999999997,1050.6740658596434,866.0,1.0,1.1944827586206896
484530023152,3176.146880529688,754.0,2398.7799999999997,611.8839050157914,1000.0,1.0,1.3262599469496021
484530023161,10928.975944388874,716.0,3691.9500000000003,1985.5329704060798,0.0,1.5,0.0
484530023162,3852.473835312719,815.0,2398.7799999999997,742.1781243092846,0.0,1.0,0.0
484530023163,5214.087118419843,589.0,2398.7799999999997,1004.4925839762174,750.0,1.0,1.2733446519524618
484530023171,5422.482740715344,1762.0,2398.7799999999997,1044.6399486777837,0.0,1.0,0.0
484530023172,5849.71210700102,393.0,2398.7799999999997,1126.9455796241411,719.0,1.0,1.8295165394402035
484530023181,3519.518625143024,1916.0,2398.7799999999997,678.0343860448847,2590.0,1.0,1.3517745302713988
484530023182,1966.7052743644856,766.0,9040.395,357.3032080217081,1366.0,2.1,1.783289817232376
484530023191,492.0129883718052,,0.0,0.0,,,0.0
484530024021,7923.617169785945,529.0,5488.619999999999,1352.5797610082268,895.0,1.7,1.6918714555765595
484530024022,9772.233845805687,1007.0,5488.619999999999,1668.1428994421544,1580.0,1.7,1.5690168818272094
484530024023,5187.417996732179,282.0,3691.9500000000003,942.4295118041401,657.0,1.5,2.3297872340425534
484530024024,10716.047504654516,2057.0,3691.9500000000003,1946.8489766283506,2959.0,1.5,1.4385026737967914
484530024031,8398.446549545703,472.0,5488.619999999999,1433.6342333828036,740.0,1.7,1.5677966101694916
484530024032,11838.333461989016,621.0,5488.619999999999,2020.83087832793,1129.0,1.7,1.818035426731079
484530024071,24075.41546241181,2360.0,9040.395,4373.925921338096,4715.0,2.1,1.9978813559322033
484530024072,29568.56959186408,342.0,9040.395,5371.900360210344,0.0,2.1,0.0
484530024091,6981.5309322845815,416.0,5488.619999999999,1191.7634632663767,910.0,1.7,2.1875
484530024092,4128.792217803508,522.0,3691.9500000000003,750.1025821741172,955.0,1.5,1.8295019157088122
484530024093,4570.0528405736,512.0,5488.619999999999,780.1185804973711,1020.0,1.7,1.9921875
484530024101,5713.447373365325,1034.0,3691.9500000000003,1037.996441040864,1551.0,1.5,1.5
484530024102,8138.303696539046,796.0,5488.619999999999,1389.2272472288716,1311.0,1.7,1.6469849246231156
484530024111,11040.035688524518,796.0,5488.619999999999,1884.559603667751,1329.0,1.7,1.6695979899497488
484530024112,8365.357350103583,659.0,5488.619999999999,1427.9858305745463,1389.0,1.7,2.1077389984825494
484530024113,12602.883441563616,530.0,5488.619999999999,2151.341326585716,1184.0,1.7,2.2339622641509433
484530024121,5859.2701342310775,354.0,5488.619999999999,1000.1909516856438,700.0,1.7,1.9774011299435028
484530024122,8037.364755014037,517.0,5488.619999999999,1371.996736657901,1104.0,1.7,2.135396518375242
484530024123,10897.155515830424,611.0,5488.619999999999,1860.1696280171968,1158.0,1.7,1.895253682487725
484530024131,10960.17667953082,313.0,3691.9500000000003,1991.2013961250555,438.0,1.5,1.3993610223642172
484530024132,15141.388398887404,666.0,3691.9500000000003,2750.8273452784297,1037.0,1.5,1.557057057057057
484530024133,16557.87929684036,395.0,5488.619999999999,2826.4682584012853,822.0,1.7,2.081012658227848
484530024191,8105.615725458993,1022.0,3691.9500000000003,1472.596092281066,0.0,1.5,0.0
484530024192,4536.348139624123,1054.0,3691.9500000000003,824.1457243840274,1235.0,1.5,1.1717267552182162
484530024211,13220.242390872616,3004.0,3691.9500000000003,2401.8011639337983,4531.0,1.5,1.5083222370173102
484530024212,14595.399275548312,922.0,9040.395,2651.6342084841754,1717.0,2.1,1.8622559652928417
484530024213,18860.69043832832,837.0,2398.7799999999997,3633.5073127265787,1214.0,1.0,1.4504181600955794
484530024221,10686.762693291656,1047.0,5488.619999999999,1824.2550870279554,1705.0,1.7,1.6284622731614136
484530024222,14982.13755686768,684.0,2398.7799999999997,2886.305066675979,0.0,1.0,0.0
484530024223,12294.948630062609,981.0,5488.619999999999,2098.7761426777465,1752.0,1.7,1.7859327217125383
484530024231,16746.347932344284,736.0,5488.619999999999,2858.6402900006274,1401.0,1.7,1.903532608695652
484530024232,17771.983171260184,877.0,9040.395,3228.743362195429,1828.0,2.1,2.0843785632839227
484530024233,10653.670697008134,996.0,3691.9500000000003,1935.516605800491,1394.0,1.5,1.3995983935742973
484530024241,9374.559751974906,297.0,5488.619999999999,1600.2590126683394,604.0,1.7,2.0336700336700337
484530024242,5694.394507110182,1189.0,3691.9500000000003,1034.5349919240557,1854.0,1.5,1.5592935239697225
484530024251,13897.70047340088,858.0,3691.9500000000003,2524.879059408402,1335.0,1.5,1.555944055944056
484530024252,22230.56850562025,747.0,9040.395,4038.7614487743494,1608.0,2.1,2.1526104417670684
484530024261,35062.29768953586,2702.0,9040.395,6369.979075350524,5319.0,2.1,1.968541820873427
484530024262,32072.12219287541,360.0,3691.9500000000003,5826.735859688776,762.0,1.5,2.1166666666666667
484530024271,19696.24060516346,316.0,5488.619999999999,3362.193785948927,856.0,1.7,2.7088607594936707
484530024272,20580.18475495509,679.0,5488.619999999999,3513.085094962293,1351.0,1.7,1.9896907216494846
484530024273,14764.311735151165,1013.0,3691.9500000000003,2682.3215536993544,1777.0,1.5,1.7541954590325766
484530024274,15251.881206230772,585.0,5488.619999999999,2603.5313663957318,1183.0,1.7,2.022222222222222
484530024281,17604.03383226401,767.0,9040.395,3198.2309929092635,1401.0,2.1,1.8265971316818774
484530024282,19958.252232291983,2436.0,5488.619999999999,3406.9197761638793,4745.0,1.7,1.9478653530377668
484530024291,15616.33478496294,684.0,3691.9500000000003,2837.1137195486886,975.0,1.5,1.4254385964912282
484530024301,5535.447040877909,,0.0,0.0,,,0.0
484530024302,8934.316042595488,21.0,2398.7799999999997,1721.1937591113112,0.0,1.0,0.0
484530024303,9558.263813690284,760.0,5488.619999999999,1631.617720511861,1296.0,1.7,1.7052631578947368
484530024311,28997.530181737628,579.0,9040.395,5268.156186741884,1200.0,2.1,2.0725388601036268
484530024312,18180.138174966138,934.0,5488.619999999999,3103.3915976605085,1872.0,1.7,2.0042826552462527
484530024313,14872.114172208428,1153.0,5488.619999999999,2538.704256111374,2627.0,1.7,2.2784041630529055
484530024321,20656.78471389691,557.0,5488.619999999999,3526.160884963081,1171.0,1.7,2.1023339317773786
484530024322,28194.160460434126,331.0,9040.395,5122.20316450168,787.0,2.1,2.377643504531722
484530024331,29213.19719505008,586.0,9040.395,5307.337713697366,1336.0,2.1,2.279863481228669
484530024332,19587.17680096537,2022.0,9040.395,3558.5205359937804,4506.0,2.1,2.228486646884273
484530024341,40353.09009248774,468.0,9040.395,7331.189238964111,1068.0,2.1,2.282051282051282
484530024351,38182.04210484563,814.0,5488.619999999999,6517.762819474191,1649.0,1.7,2.0257985257985256
484530024352,30730.298804831305,1398.0,9040.395,5582.958712499481,3624.0,2.1,2.592274678111588
484530024361,41978.46538540695,748.0,5488.619999999999,7165.821046351704,1737.0,1.7,2.322192513368984
484530025001,4587.91158240029,358.0,10515.599999999999,945.3945815733671,762.0,2.5,2.1284916201117317
484530025002,5222.042461500188,588.0,9040.395,948.7199471321494,976.0,2.1,1.6598639455782314
484530025003,4307.313103413256,1078.0,5488.619999999999,735.2683002174489,1691.0,1.7,1.5686456400742115
484530025004,3009.395056026194,979.0,3691.9500000000003,546.7349489212536,1209.0,1.5,1.2349336057201226
484539800001,15533.89063348124,,0.0,0.0,,,0.0
484910201051,5141.681231711541,773.0,5488.619999999999,877.6968678001838,0.0,1.7,0.0
484910201052,5883.335059950084,1318.0,9040.395,1068.8609616232557,2248.0,2.1,1.7056145675265555
484910201053,3755.845782222443,1450.0,10515.599999999999,773.9373760731039,2709.0,2.5,1.8682758620689655
484910201061,6979.096859966505,1027.0,10515.599999999999,1438.1271820927534,0.0,2.5,0.0
484910201062,11089.241863533432,632.0,10515.599999999999,2285.07219096324,1333.0,2.5,2.1091772151898733
484910201071,5497.467308396681,815.0,5488.619999999999,938.430373251185,0.0,1.7,0.0
484910201072,4274.477300635554,1223.0,5488.619999999999,729.6631528053639,0.0,1.7,0.0
484910201073,4306.201450369875,1301.0,5488.619999999999,735.0785384741035,1776.0,1.7,1.3651037663335897
484910201081,8849.680850484398,292.0,10515.599999999999,1823.5836010432458,701.0,2.5,2.4006849315068495
484910201082,4423.761948888785,349.0,10515.599999999999,911.5695674461678,0.0,2.5,0.0
484910201083,4450.670189802272,542.0,9040.395,808.5800945323648,866.0,2.1,1.5977859778597785
484910201091,16561.95268787062,349.0,10515.599999999999,3412.7903404789818,0.0,2.5,0.0
484910201092,8385.589167526272,332.0,10515.599999999999,1727.9519057627683,0.0,2.5,0.0
484910201093,15266.435166079717,399.0,10515.599999999999,3145.833311461063,991.0,2.5,2.4837092731829573
484910201101,14325.346456229548,797.0,10515.599999999999,2951.9106189477197,0.0,2.5,0.0
484910201102,7495.531684496801,488.0,10515.599999999999,1544.5448137488763,1120.0,2.5,2.2950819672131146
484910201103,10835.010495029066,821.0,9040.395,1968.4617005330126,1477.0,2.1,1.7990255785627285
484910201111,16736.67474912115,827.0,9040.395,3040.6526373959523,1540.0,2.1,1.8621523579201935
484910201112,10165.62179749663,496.0,9040.395,1846.8498188955373,1107.0,2.1,2.2318548387096775
484910201121,15172.571329169108,1351.0,10515.599999999999,3126.4915344396,3331.0,2.5,2.465581051073279
484910201122,10667.131417011327,355.0,10515.599999999999,2198.09123638287,0.0,2.5,0.0
484910201131,12381.277393210152,638.0,9040.395,2249.3813331690753,1068.0,2.1,1.6739811912225706
484910201132,30830.8940472239,257.0,9040.395,5601.234456855844,671.0,2.1,2.6108949416342413
484910201141,7968.962706286429,1135.0,5488.619999999999,1360.3203488746483,1551.0,1.7,1.3665198237885463
484910201142,9642.241527204778,947.0,5488.619999999999,1645.9529102669358,1722.0,1.7,1.8183738120380148
484910201143,2430.442846514793,434.0,3691.9500000000003,441.5532094679315,726.0,1.5,1.672811059907834
484910201151,6108.955252571448,1262.0,9040.395,1109.850742689531,2255.0,2.1,1.7868462757527734
484910201152,6370.9524265209,586.0,9040.395,1157.4493493363814,1267.0,2.1,2.1621160409556315
484910202011,25692.35173427876,126.0,9040.395,4667.684485285308,0.0,2.1,0.0
484910202012,20264.65160052979,332.0,9040.395,3681.60146855316,725.0,2.1,2.183734939759036
484910202021,23345.26686384357,524.0,9040.395,4241.275422047964,1166.0,2.1,2.2251908396946565
484910202022,26237.739802188957,648.0,10515.599999999999,5406.603112596144,0.0,2.5,0.0
484910202023,37515.59519465409,525.0,10515.599999999999,7730.541398744717,0.0,2.5,0.0
484910202031,4463.587121500801,1486.0,9040.395,810.926791413611,2273.0,2.1,1.5296096904441454
484910202032,3143.2378706798954,373.0,9040.395,571.0509802401178,0.0,2.1,0.0
484910202041,20386.103783878625,324.0,5488.619999999999,3479.955024711569,602.0,1.7,1.8580246913580247
484910202042,27609.404206529467,543.0,10515.599999999999,5689.2511262534035,1251.0,2.5,2.303867403314917
484910202043,26187.347708469104,546.0,10515.599999999999,5396.219213189791,0.0,2.5,0.0
484910202044,36688.32369095454,190.0,5488.619999999999,6262.781634494885,320.0,1.7,1.6842105263157894
484910203011,24787.12072611596,955.0,9040.395,4503.225708755202,2013.0,2.1,2.107853403141361
484910203012,39091.76095733296,520.0,10515.599999999999,8055.329386685511,1395.0,2.5,2.6826923076923075
484910203013,21590.431368765938,1418.0,9040.395,3922.4638745759044,2938.0,2.1,2.071932299012694
484910203021,17585.096188636137,742.0,10515.599999999999,3623.6214134896927,1482.0,2.5,1.9973045822102427
484910203022,12867.15902546955,1289.0,10515.599999999999,2651.4334909125578,2813.0,2.5,2.182311869666408
484910203101,28709.028941056706,871.0,10515.599999999999,5915.842081008077,0.0,2.5,0.0
484910203102,17634.204642913563,464.0,10515.599999999999,3633.740803488711,976.0,2.5,2.103448275862069
484910203111,6887.466767882663,2389.0,9040.395,1251.287624731973,3586.0,2.1,1.5010464629552114
484910203112,19161.85297519681,634.0,9040.395,3481.2493915187756,1101.0,2.1,1.7365930599369086
484910203121,12479.000212491448,295.0,5488.619999999999,2130.1941731101165,0.0,1.7,0.0
484910203122,19165.31125903964,1329.0,9040.395,3481.877678800759,3065.0,2.1,2.306245297215952
484910203123,8707.058758403691,952.0,5488.619999999999,1486.3150505849599,1748.0,1.7,1.8361344537815125
484910203124,8633.253324786632,601.0,9040.395,1568.4551970335854,1451.0,2.1,2.4143094841930117
484910203131,8720.658054795278,908.0,10515.599999999999,1796.996896013476,2025.0,2.5,2.2301762114537445
484910203132,16381.128947586318,904.0,9040.395,2976.0584874015685,1759.0,2.1,1.9457964601769913
484910203133,12606.169379426172,404.0,5488.619999999999,2151.9022437720955,0.0,1.7,0.0
484910203134,5927.306936088637,1033.0,9040.395,1076.8495975474234,1918.0,2.1,1.8567279767666989
484910203141,20713.584180986632,841.0,9040.395,3763.1617578723235,1802.0,2.1,2.1426872770511296
484910203142,8455.924338590152,645.0,9040.395,1536.2387706736604,1520.0,2.1,2.356589147286822
484910203143,10901.015369971088,1316.0,9040.395,1980.4532042266594,2344.0,2.1,1.7811550151975684
484910203151,18514.364965646066,2145.0,10515.599999999999,3815.1084661130726,4441.0,2.5,2.0703962703962704
484910203152,8554.899463977416,441.0,9040.395,1554.220178603045,679.0,2.1,1.5396825396825398
484910203161,15220.82481184529,680.0,10515.599999999999,3136.434747216216,1333.0,2.5,1.9602941176470587
484910203162,4890.652735817829,1761.0,3691.9500000000003,888.5143771186139,2801.0,1.5,1.5905735377626349
484910203171,27897.34124442891,671.0,9040.395,5068.278227469403,1419.0,2.1,2.1147540983606556
484910203172,13787.38383161478,1085.0,9040.395,2504.837169796298,1771.0,2.1,1.632258064516129
484910203181,7862.385932440946,1095.0,9040.395,1428.4070689105522,2203.0,2.1,2.0118721461187214
484910203182,13655.589747896758,1431.0,9040.395,2480.893343782028,2540.0,2.1,1.7749825296995108
484910203183,6575.254474273318,496.0,5488.619999999999,1122.4111330483595,863.0,1.7,1.7399193548387097
484910203191,10688.205672572283,964.0,10515.599999999999,2202.4338412173765,2009.0,2.5,2.0840248962655603
484910203192,10680.408380376486,1334.0,9040.395,1940.3742019879362,2902.0,2.1,2.1754122938530736
484910203201,6800.2298296971885,628.0,9040.395,1235.4387640623268,1534.0,2.1,2.4426751592356686
484910203202,7010.189707941736,279.0,9040.395,1273.5834413713685,0.0,2.1,0.0
484910203203,15240.010622919144,1113.0,9040.395,2768.744639490275,2027.0,2.1,1.821203953279425
484910203204,21219.82571882764,471.0,10515.599999999999,4372.601323327011,908.0,2.5,1.9278131634819533
484910203211,6216.255694680979,345.0,9040.395,1129.3446611162622,696.0,2.1,2.017391304347826
484910203212,8712.308244638956,378.0,9040.395,1582.8175810884416,715.0,2.1,1.8915343915343916
484910203221,8522.166674215658,657.0,9040.395,1548.2734152817563,1402.0,2.1,2.1339421613394216
484910203222,10813.067355604937,471.0,9040.395,1964.4751580589032,948.0,2.1,2.0127388535031847
484910203223,8502.603488063794,1061.0,9040.395,1544.7192532716679,2114.0,2.1,1.9924599434495758
484910203224,6348.738621565196,974.0,5488.619999999999,1083.7443535516409,1560.0,1.7,1.6016427104722792
484910203231,7889.063687456288,759.0,9040.395,1433.2537775526896,1508.0,2.1,1.986824769433465
484910203232,5691.64204124888,370.0,9040.395,1034.0349348514317,742.0,2.1,2.0054054054054054
484910203241,8597.887927382537,1378.0,10515.599999999999,1771.698628784369,3093.0,2.5,2.2445573294629897
484910203242,3656.578188912798,304.0,9040.395,664.3126117119558,592.0,2.1,1.9473684210526316
484910203243,9705.684896753664,1477.0,9040.395,1763.2903083450167,2746.0,2.1,1.859174001354096
484910203251,11576.066353689965,663.0,9040.395,2103.0937875438035,1275.0,2.1,1.9230769230769231
484910203252,6494.605949665813,279.0,5488.619999999999,1108.6442435328943,503.0,1.7,1.8028673835125448
484910203261,10972.640497774228,861.0,10515.599999999999,2261.0450715619686,1938.0,2.5,2.250871080139373
484910203262,14430.958967658264,972.0,10515.599999999999,2973.6733522214126,1956.0,2.5,2.0123456790123457
484910203271,13697.596647798324,669.0,9040.395,2488.5249906228214,1430.0,2.1,2.1375186846038865
484910203272,17688.279004519765,303.0,5488.619999999999,3019.4301006627893,560.0,1.7,1.8481848184818481
484910203281,18854.090036078826,1188.0,9040.395,3425.3362423090753,2146.0,2.1,1.8063973063973064
484910203282,7439.860091463253,516.0,9040.395,1351.644251206622,1090.0,2.1,2.112403100775194
484910203283,7769.695620828213,752.0,10515.599999999999,1601.0396034185019,1648.0,2.5,2.1914893617021276
484910204031,5463.589251323656,372.0,10515.599999999999,1125.838539251346,819.0,2.5,2.2016129032258065
484910204032,6526.792645085094,442.0,5488.619999999999,1114.1385868189207,731.0,1.7,1.6538461538461537
484910204041,7858.114078358176,687.0,5488.619999999999,1341.3982319350514,1101.0,1.7,1.6026200873362446
484910204042,7465.483043771895,601.0,9040.395,1356.2993274797168,1236.0,2.1,2.0565723793677204
484910204051,1860.5638929686093,373.0,3691.9500000000003,338.01986314490284,511.0,1.5,1.3699731903485255
484910204052,3394.482897079639,531.0,9040.395,616.6961793974422,892.0,2.1,1.67984934086629
484910204053,3601.587665563248,598.0,5488.619999999999,614.7993371655178,1139.0,1.7,1.9046822742474916
484910204054,11077.514177199751,1005.0,5488.619999999999,1890.9572682909986,1463.0,1.7,1.4557213930348258
484910204061,8662.558660766363,1177.0,5488.619999999999,1478.7187810861435,1855.0,1.7,1.5760407816482582
484910204062,8620.75775343205,1869.0,3691.9500000000003,1566.1850512271687,2694.0,1.5,1.4414125200642054
484910204081,12889.96063852218,899.0,5488.619999999999,2200.3460674929065,1583.0,1.7,1.760845383759733
484910204082,11190.316424065642,487.0,5488.619999999999,1910.2128724977294,852.0,1.7,1.7494866529774127
484910204083,7880.726655768113,254.0,9040.395,1431.7391387268358,519.0,2.1,2.043307086614173
484910204091,10499.551615469034,1498.0,5488.619999999999,1792.2977234308125,2243.0,1.7,1.4973297730307076
484910204092,14520.252076239472,751.0,9040.395,2637.981763587178,1506.0,2.1,2.0053262316910785
484910204101,4726.101567440544,516.0,10515.599999999999,973.8702966647228,954.0,2.5,1.8488372093023255
484910204102,6776.133303666378,971.0,5488.619999999999,1156.7016134224154,1182.0,1.7,1.2173017507723995
484910204103,11507.415999640356,272.0,9040.395,2090.6216637062967,0.0,2.1,0.0
484910204104,4395.446610504007,669.0,3691.9500000000003,798.5472938382765,906.0,1.5,1.3542600896860986
484910204111,1896.8389458396896,966.0,9040.395,344.6101707679819,1955.0,2.1,2.0238095238095237
484910204112,2591.0257662352938,636.0,9040.395,470.72727693880245,1246.0,2.1,1.9591194968553458
484910204113,22835.68804226877,206.0,10515.599999999999,4705.569266957384,333.0,2.5,1.616504854368932
484910205031,6102.079507567199,879.0,10515.599999999999,1257.4071664575908,0.0,2.5,0.0
484910205032,7594.885149493181,445.0,10515.599999999999,1565.0177949258539,0.0,2.5,0.0
484910205033,11844.959792850716,631.0,9040.395,2151.9452802816627,1403.0,2.1,2.223454833597464
484910205041,4507.31699750423,527.0,9040.395,818.8714617137738,1263.0,2.1,2.396584440227704
484910205042,4791.527949774468,580.0,5488.619999999999,817.9248934291041,1049.0,1.7,1.8086206896551724
484910205043,4982.362252665248,1827.0,3691.9500000000003,905.1757981270526,2868.0,1.5,1.5697865353037768
484910205044,8804.822081975653,913.0,3691.9500000000003,1599.6251278508726,1393.0,1.5,1.5257393209200438
484910205051,12768.76957573777,654.0,10515.599999999999,2631.1591567215432,1384.0,2.5,2.1162079510703364
484910205052,4651.75386180423,263.0,10515.599999999999,958.550054153813,540.0,2.5,2.053231939163498
484910205061,11164.35864553394,912.0,10515.599999999999,2300.550910945754,1929.0,2.5,2.1151315789473686
484910205062,6684.795494192124,558.0,9040.395,1214.4671121684548,1089.0,2.1,1.9516129032258065
484910205063,5179.515673431056,537.0,10515.599999999999,1067.3017482769833,1251.0,2.5,2.329608938547486
484910205071,16804.573418192023,657.0,9040.395,3052.9881980901023,1202.0,2.1,1.8295281582952816
484910205072,5955.843072708136,264.0,10515.599999999999,1227.2733832184565,627.0,2.5,2.375
484910205081,8772.846070482712,1812.0,3691.9500000000003,1593.8158530016665,2633.0,1.5,1.4530905077262692
484910205082,18583.78609208569,338.0,10515.599999999999,3829.413527491,614.0,2.5,1.816568047337278
484910205091,15927.639252129413,723.0,10515.599999999999,3282.0823975732496,1684.0,2.5,2.3291839557399725
484910205092,8385.032477933644,421.0,9040.395,1523.3594188127756,685.0,2.1,1.6270783847980999
484910205093,9849.247343503155,866.0,10515.599999999999,2029.556346910295,2043.0,2.5,2.359122401847575
484910205101,11705.317060424217,1496.0,10515.599999999999,2412.021924523183,3014.0,2.5,2.014705882352941
484910205102,13226.00956156169,373.0,10515.599999999999,2725.3789770718004,779.0,2.5,2.0884718498659516
484910205103,2298.2107502731437,310.0,10515.599999999999,473.5740764832215,0.0,2.5,0.0
484910205104,12348.108064341191,1074.0,9040.395,2243.355261155496,2027.0,2.1,1.8873370577281192
484910206021,15966.328201632155,772.0,10515.599999999999,3290.0547227956818,1943.0,2.5,2.516839378238342
484910206022,9403.603869510129,361.0,5488.619999999999,1605.2169106475965,574.0,1.7,1.5900277008310248
484910206023,12984.890491624696,622.0,9040.395,2359.0433650345926,1389.0,2.1,2.233118971061093
484910206031,11452.8571747461,1087.0,10515.599999999999,2359.9995165717514,2631.0,2.5,2.420423183072677
484910206032,18921.754687328736,1052.0,10515.599999999999,3899.056037584356,0.0,2.5,0.0
484910206033,20865.808496760317,647.0,10515.599999999999,4299.651799885891,0.0,2.5,0.0
484910206041,8819.963768052996,1303.0,10515.599999999999,1817.460037368089,0.0,2.5,0.0
484910206042,11149.868487368964,1079.0,9040.395,2025.663850850463,1823.0,2.1,1.6895273401297497
484910206051,8886.901657558543,1524.0,10515.599999999999,1831.2533977901296,3257.0,2.5,2.1371391076115485
484910206052,6892.907266586098,1102.0,10515.599999999999,1420.3667756188304,2103.0,2.5,1.9083484573502723
484910207011,10289.86536581946,410.0,5488.619999999999,1756.503796066526,652.0,1.7,1.5902439024390245
484910207012,15060.249842754269,409.0,5488.619999999999,2570.819449822946,681.0,1.7,1.6650366748166259
484910207031,19227.655127439302,815.0,9040.395,3493.204065357016,1291.0,2.1,1.5840490797546012
484910207032,11375.01008621252,1367.0,5488.619999999999,1941.7405074217056,2124.0,1.7,1.5537673738112656
484910207033,7836.401434954694,634.0,5488.619999999999,1337.6918335318674,0.0,1.7,0.0
484910207034,16645.125960180532,1166.0,10515.599999999999,3429.929197573603,2530.0,2.5,2.169811320754717
484910207041,4883.5497802341015,1014.0,3691.9500000000003,887.223940341135,1750.0,1.5,1.7258382642998027
484910207042,2111.0763198321074,612.0,5488.619999999999,360.3656061321015,1223.0,1.7,1.9983660130718954
484910207043,2920.2032842422177,620.0,3691.9500000000003,530.5309418425353,0.0,1.5,0.0
484910207061,20687.689157232995,707.0,10515.599999999999,4262.948159146925,1668.0,2.5,2.3592644978783595
484910207062,14573.746726498071,513.0,10515.599999999999,3003.096494123274,1231.0,2.5,2.3996101364522415
484910207071,10719.513583197117,1105.0,5488.619999999999,1829.84573961653,2252.0,1.7,2.0380090497737555
484910207072,5363.887801960731,751.0,5488.619999999999,915.628042823147,1327.0,1.7,1.766977363515313
484910207081,14560.176366377422,1064.0,9040.395,2645.23505015239,2220.0,2.1,2.0864661654135337
484910207082,6652.15160579716,648.0,10515.599999999999,1370.7561645368494,0.0,2.5,0.0
484910207083,7553.7430912536,670.0,10515.599999999999,1556.53997702638,1547.0,2.5,2.308955223880597
484910208031,23466.590431652177,661.0,9040.395,4263.317006291266,1401.0,2.1,2.1195158850226927
484910208032,9914.628254506457,251.0,9040.395,1801.2503082458786,0.0,2.1,0.0
484910208033,12607.460026836408,591.0,9040.395,2290.4732962846842,1173.0,2.1,1.984771573604061
484910208041,8099.257872922221,1179.0,10515.599999999999,1668.949884997596,2333.0,2.5,1.9787955894826124
484910208042,5660.349406742368,306.0,10515.599999999999,1166.3833451965959,0.0,2.5,0.0
484910208043,2894.768162579948,437.0,10515.599999999999,596.5019348481858,0.0,2.5,0.0
484910208044,4762.567978527462,915.0,10515.599999999999,981.3846410089444,2021.0,2.5,2.208743169398907
484910208045,2929.8934784370563,649.0,10515.599999999999,603.7399303262918,0.0,2.5,0.0
484910208051,22767.04182066193,893.0,9040.395,4136.22579128717,1961.0,2.1,2.1959686450167974
484910208052,15591.999161032592,921.0,9040.395,2832.6925199857124,1805.0,2.1,1.9598262757871878
484910208053,15867.56798942882,878.0,9040.395,2882.756770943992,2124.0,2.1,2.419134396355353
484910208061,8233.669254847848,931.0,10515.599999999999,1696.6469732897367,0.0,2.5,0.0
484910208062,9178.092420561768,1610.0,10515.599999999999,1891.2567706980788,3375.0,2.5,2.0962732919254656
484910208071,2284.5984882778007,335.0,9040.395,415.056785347249,610.0,2.1,1.8208955223880596
484910208072,13941.17876855098,704.0,9040.395,2532.7780234977035,1490.0,2.1,2.116477272727273
484910208073,8908.536977715,577.0,5488.619999999999,1520.7078482031486,1263.0,1.7,2.1889081455805894
484910208074,12296.752941834382,1622.0,9040.395,2234.0252663366437,3615.0,2.1,2.2287299630086315
484910208081,29890.94811570577,260.0,9040.395,5430.46881084063,567.0,2.1,2.1807692307692306
484910208082,14120.118013463543,244.0,9040.395,2565.2869952697456,521.0,2.1,2.1352459016393444
484910208091,31268.423404469064,294.0,10515.599999999999,6443.236215433182,0.0,2.5,0.0
484910208092,18776.19225305089,1391.0,5488.619999999999,3205.1394061687315,2679.0,1.7,1.9259525521207763
484910208093,22644.780644208437,652.0,5488.619999999999,3865.516384186264,1421.0,1.7,2.1794478527607364
484910209001,27543.10210302822,294.0,9040.395,5003.921466301808,679.0,2.1,2.3095238095238093
484910209002,13637.407736140767,201.0,9040.395,2477.59010805404,439.0,2.1,2.18407960199005
484910209003,36367.31180473192,393.0,9040.395,6607.068859951747,842.0,2.1,2.1424936386768447
484910209004,43745.71404031213,385.0,9040.395,7947.547691839379,971.0,2.1,2.522077922077922
484910210001,7030.870961831561,282.0,3691.9500000000003,1277.3407294902677,374.0,1.5,1.326241134751773
484910210002,19692.91707850247,394.0,9040.395,3577.73100991358,837.0,2.1,2.1243654822335025
484910210003,9542.618378770652,264.0,3691.9500000000003,1733.6650305996839,475.0,1.5,1.7992424242424243
484910211001,17664.86029298109,394.0,5488.619999999999,3015.4324724864955,691.0,1.7,1.7538071065989849
484910211002,14041.424331890465,480.0,5488.619999999999,2396.9035807867754,947.0,1.7,1.9729166666666667
484910212011,12616.179605192912,760.0,9040.395,2292.05743467084,1473.0,2.1,1.938157894736842
484910212012,7987.233701707927,302.0,5488.619999999999,1363.4392500142474,0.0,1.7,0.0
484910212021,11938.353975777609,979.0,9040.395,2168.9127647366627,1894.0,2.1,1.9346271705822267
484910212022,10657.521524620868,421.0,5488.619999999999,1819.2635519645062,826.0,1.7,1.9619952494061759
484910212031,14033.46796398612,509.0,3691.9500000000003,2549.544758211106,886.0,1.5,1.7406679764243616
484910212032,19570.893124160822,315.0,5488.619999999999,3340.7966812851596,0.0,1.7,0.0
484910212033,12531.716584873013,295.0,3691.9500000000003,2276.712528388807,458.0,1.5,1.5525423728813559
484910213001,16526.209940455537,218.0,5488.619999999999,2821.062226083923,437.0,1.7,2.0045871559633026
484910213002,35888.45479827812,173.0,5488.619999999999,6126.242166154643,308.0,1.7,1.7803468208092486
484910213003,27235.348115722885,233.0,5488.619999999999,4649.136859591046,510.0,1.7,2.188841201716738
484910213004,19792.905470395515,337.0,9040.395,3595.8965040798885,687.0,2.1,2.0385756676557865
484910214011,13215.41057347508,271.0,5488.619999999999,2255.9011234485733,647.0,1.7,2.3874538745387452
484910214012,12286.02739018847,1324.0,9040.395,2232.076690685355,2599.0,2.1,1.9629909365558913
484910214013,11910.268761176309,560.0,9040.395,2163.8103544234214,0.0,2.1,0.0
484910214014,10493.501567509784,1410.0,9040.395,1906.4177140947693,2958.0,2.1,2.097872340425532
484910214021,6272.000270736386,628.0,3691.9500000000003,1139.4721144332534,944.0,1.5,1.5031847133757963
484910214022,7372.073993536394,436.0,3691.9500000000003,1339.3291419911002,577.0,1.5,1.323394495412844
484910214023,2624.430708830792,171.0,2398.7799999999997,505.5959220295688,216.0,1.0,1.263157894736842
484910214024,10442.6236524885,578.0,2398.7799999999997,2011.7688442762826,0.0,1.0,0.0
484910214031,3905.23563077439,1644.0,9040.395,709.4877087810007,3251.0,2.1,1.9774939172749393
484910214032,11740.554086426904,417.0,9040.395,2132.9772659445607,756.0,2.1,1.8129496402877698
484910214033,22224.352601841078,274.0,9040.395,4037.6321680478454,0.0,2.1,0.0
484910215021,8277.672295714043,1411.0,5488.619999999999,1413.0177891650692,2752.0,1.7,1.9503897944720057
484910215022,5172.797911074883,305.0,5488.619999999999,883.0085568728368,679.0,1.7,2.226229508196721
484910215031,11426.906810093407,807.0,3691.9500000000003,2075.9950737055924,1365.0,1.5,1.691449814126394
484910215032,5758.775262510114,992.0,5488.619999999999,983.0362448563933,1843.0,1.7,1.8578629032258065
484910215041,8350.566044039238,713.0,9040.395,1517.0976939066284,1207.0,2.1,1.6928471248246844
484910215042,8030.85509934198,840.0,10515.599999999999,1654.8546675231744,1659.0,2.5,1.975
484910215043,26801.901281367154,951.0,9040.395,4869.263042988533,2089.0,2.1,2.196635120925342
484910215051,9322.23909115802,453.0,9040.395,1693.6273963532524,867.0,2.1,1.913907284768212
484910215052,14637.426577690356,927.0,9040.395,2659.269561923039,1732.0,2.1,1.8683926645091693
484910215053,12210.180029448651,909.0,10515.599999999999,2516.055035619677,1984.0,2.5,2.1826182618261827
484910215061,12296.850750665844,545.0,9040.395,2234.0430358569215,1163.0,2.1,2.1339449541284403
484910215062,4920.36479572829,505.0,9040.395,893.9123462303667,1181.0,2.1,2.3386138613861385
484910215071,5486.621483503601,2476.0,5488.619999999999,936.5789658790876,3741.0,1.7,1.5109046849757675
484910215072,9651.82264767495,1126.0,9040.395,1753.5048287218394,2283.0,2.1,2.02753108348135
484910215073,4885.740503742525,991.0,9040.395,887.6219422927498,2118.0,2.1,2.1372351160443994
484910215081,18706.769150034605,812.0,9040.395,3398.5715684769934,1685.0,2.1,2.0751231527093594
484910215082,11138.348210958482,985.0,5488.619999999999,1901.3417784306741,1908.0,1.7,1.9370558375634517
484910215083,29387.04168371266,728.0,9040.395,5338.9210903759595,1489.0,2.1,2.04532967032967
484910216011,31043.64522641651,255.0,9040.395,5639.886246641929,666.0,2.1,2.611764705882353
484910216012,35374.86659853176,180.0,5488.619999999999,6038.57147364334,0.0,1.7,0.0
484910216013,19253.811091951276,1145.0,9040.395,3497.9559771715863,2366.0,2.1,2.0663755458515283
484910216021,26340.178981559984,462.0,9040.395,4785.379168222614,1170.0,2.1,2.5324675324675323
484910216022,38735.51212206358,316.0,9040.395,7037.314093770045,747.0,2.1,2.3639240506329116
484910216031,41072.31143438057,197.0,9040.395,7461.854517633802,504.0,2.1,2.5583756345177666
484910216032,12538.1107731924,298.0,9040.395,2277.874199142932,692.0,2.1,2.3221476510067114
