geoid,medincome,totpop,rent_cost,housing_mortgage,ave_housing_yearly,ave_housing_monthly
480539607001,78521.0,1675.0,0.0,1148.0,8206.49504950495,683.8745874587459
480539603002,55838.0,1287.0,669.0,1566.0,14354.931297709925,1196.2442748091605
480539601002,80455.0,2424.0,1026.0,1468.0,16734.5329512894,1394.5444126074499
480539608001,116103.0,1842.0,0.0,1537.0,17329.39856115108,1444.11654676259
480539604003,61893.0,2333.0,0.0,1750.0,20039.361702127662,1669.9468085106384
480539604001,39026.0,1246.0,1287.0,2083.0,22529.780346820808,1877.4816955684007
480539603004,73021.0,612.0,0.0,1008.0,4252.931506849316,354.41095890410963
480539603003,76103.0,1291.0,1350.0,1658.0,19197.966101694914,1599.8305084745762
480539607003,47113.0,1250.0,1057.0,1159.0,13193.521126760565,1099.4600938967137
484530018554,84070.0,5502.0,1471.0,1799.0,20308.8,1692.3999999999999
484530018584,117273.0,3067.0,2016.0,2379.0,28050.89361702128,2337.5744680851067
484530018585,113363.0,4051.0,0.0,1756.0,10536.0,878.0
484530018592,92109.0,2929.0,1844.0,1982.0,23543.341463414636,1961.9451219512196
484530018622,66500.0,2754.0,1371.0,1833.0,19352.470588235294,1612.7058823529412
480219504003,75735.0,1191.0,1250.0,2060.0,22000.0,1833.3333333333335
480219507001,80729.0,1260.0,0.0,1563.0,16325.416846652266,1360.451403887689
484530023144,41439.0,2172.0,1221.0,0.0,14652.0,1221.0
480219502005,46518.0,1211.0,948.0,1411.0,13376.16,1114.68
480559607001,0.0,983.0,963.0,0.0,6131.178484107579,510.93154034229826
484530022081,54079.0,1374.0,1647.0,1295.0,16171.714285714286,1347.642857142857
484530024331,51919.0,2232.0,1133.0,958.0,11761.187713310579,980.0989761092151
484530002041,33045.0,1237.0,1114.0,2917.0,19626.625194401244,1635.5520995334368
484530017402,111435.0,2503.0,1585.0,2333.0,24276.462006079026,2023.0385005065855
484530019082,71250.0,6060.0,1384.0,2690.0,23362.915318744057,1946.909609895338
484530022093,86382.0,2706.0,1138.0,1443.0,16897.837455830388,1408.1531213191988
484530022102,63512.0,2861.0,1050.0,1465.0,17052.3178807947,1421.0264900662253
484530015032,52813.0,669.0,1081.0,0.0,12405.949090909091,1033.829090909091
484530015033,68000.0,1331.0,1188.0,2172.0,18862.624203821655,1571.8853503184712
484910214032,51006.0,1404.0,1058.0,1395.0,15314.417266187053,1276.2014388489208
484910214011,68229.0,1657.0,1718.0,1313.0,17639.025830258306,1469.918819188192
484910214021,59231.0,1687.0,1403.0,1125.0,16092.305732484077,1341.0254777070065
480559605001,46313.0,1395.0,745.0,1380.0,14830.738007380076,1235.8948339483395
480559601022,49750.0,1447.0,1013.0,1385.0,15334.285714285712,1277.8571428571427
480559602002,74335.0,1913.0,854.0,1433.0,14517.376661742983,1209.781388478582
480559606001,67656.0,1274.0,1119.0,1485.0,17275.928186714544,1439.660682226212
484910214022,62500.0,1599.0,1133.0,1268.0,14480.311926605504,1206.6926605504586
484910214024,30556.0,1509.0,1015.0,0.0,10852.42214532872,904.3685121107267
484910205081,58186.0,4036.0,1242.0,1791.0,15642.059602649008,1303.5049668874174
480219504001,0.0,1266.0,718.0,1330.0,13042.293453724606,1086.8577878103838
480219506002,57379.0,977.0,1550.0,1296.0,16217.151079136693,1351.4292565947244
480219503002,95121.0,6281.0,1415.0,1725.0,20138.296460176993,1678.1913716814158
480219506001,59063.0,2976.0,1109.0,1190.0,14095.013513513513,1174.5844594594594
480219503004,96842.0,2611.0,1359.0,1391.0,16603.90024937656,1383.6583541147131
480219502002,64375.0,3182.0,1225.0,1597.0,17356.394366197183,1446.3661971830986
480219503003,73214.0,2488.0,1097.0,1395.0,16267.25654450262,1355.6047120418848
480219503005,52262.0,3391.0,1199.0,1337.0,15862.705882352942,1321.892156862745
480219501003,58909.0,1731.0,1045.0,934.0,11538.386185243327,961.5321821036107
480219501001,88025.0,2017.0,0.0,2194.0,24374.159554730984,2031.1799628942485
480219508023,47011.0,1356.0,982.0,1250.0,14094.594594594595,1174.5495495495495
480219507002,61953.0,716.0,0.0,1667.0,14371.104693140791,1197.5920577617328
480219502001,62225.0,2126.0,1274.0,1301.0,15518.526315789475,1293.2105263157896
480219504002,41011.0,2275.0,831.0,1201.0,12659.502876869963,1054.9585730724968
480219507003,53793.0,1147.0,932.0,1475.0,15131.756756756757,1260.9797297297296
480219501002,88472.0,2031.0,963.0,1169.0,13758.988235294117,1146.5823529411764
480219502004,0.0,801.0,383.0,0.0,3673.2509652509652,306.1042471042471
484910205052,126458.0,880.0,1654.0,1908.0,22525.140684410646,1877.0950570342206
484910215062,97240.0,1727.0,1707.0,1747.0,20913.623762376235,1742.8019801980197
482090104001,57300.0,737.0,0.0,1169.0,12762.315789473683,1063.5263157894738
482090104002,41646.0,3292.0,1183.0,1386.0,14750.097087378637,1229.1747572815532
484910204051,41635.0,948.0,1245.0,0.0,11575.495978552279,964.6246648793566
484910204052,100025.0,1568.0,1599.0,1526.0,18633.694915254237,1552.8079096045199
484910204053,59461.0,1810.0,1242.0,1982.0,18185.73913043478,1515.4782608695652
484910204061,58608.0,2928.0,1278.0,0.0,14293.621070518268,1191.1350892098558
484910201083,56875.0,1229.0,0.0,1984.0,11508.664206642066,959.0553505535055
484910203161,118049.0,2109.0,1671.0,2494.0,26805.44117647059,2233.7867647058824
484910203101,139570.0,3031.0,0.0,2758.0,31880.073478760045,2656.6727898966706
484910209004,73542.0,1330.0,918.0,1571.0,17590.0987012987,1465.8415584415582
482090107013,33413.0,3624.0,951.0,2150.0,13186.242774566474,1098.8535645472064
482090106001,37782.0,1132.0,1037.0,0.0,11671.92700729927,972.6605839416059
482090106003,82321.0,1612.0,0.0,1212.0,8333.490196078432,694.4575163398692
482090107014,62803.0,1739.0,1570.0,2129.0,21417.9414893617,1784.8284574468084
482090108052,126000.0,1767.0,1393.0,2876.0,33910.355871886124,2825.8629893238435
484910204062,60932.0,3726.0,1204.0,1672.0,15538.747993579456,1294.8956661316213
484910205092,69479.0,1261.0,1738.0,1500.0,18542.707838479808,1545.2256532066508
484910205033,90096.0,1912.0,0.0,1876.0,20300.044374009507,1691.6703645007924
484910205042,62328.0,1649.0,1328.0,1369.0,16140.434482758621,1345.0362068965517
484910205043,60346.0,4495.0,1198.0,1130.0,14199.579638752051,1183.2983032293375
484910206021,108889.0,2482.0,1960.0,1891.0,22762.787564766837,1896.89896373057
484910207033,62763.0,2389.0,0.0,1282.0,11647.192429022083,970.5993690851735
484910207041,59318.0,2638.0,1199.0,1619.0,16435.810650887575,1369.6508875739644
484910210001,32778.0,846.0,625.0,1326.0,11169.063829787234,930.7553191489362
484910210003,31176.0,1083.0,1065.0,995.0,12156.363636363638,1013.030303030303
482090103021,38856.0,1629.0,1079.0,1100.0,13034.277966101698,1086.1898305084746
484530023043,50381.0,942.0,1248.0,0.0,14778.079295154184,1231.5066079295154
484530019011,101406.0,1961.0,1438.0,2379.0,21730.399209486164,1810.8666007905138
484530010005,26356.0,589.0,620.0,3142.0,15044.020100502516,1253.6683417085428
484530021113,70046.0,2174.0,1375.0,1624.0,18700.167202572346,1558.3472668810289
484530020031,65729.0,1734.0,1760.0,1575.0,19518.74425727412,1626.56202143951
484530020041,57955.0,2346.0,1331.0,2236.0,16632.310478654592,1386.025873221216
484530018331,76586.0,4588.0,1244.0,1742.0,17124.616314199397,1427.0513595166165
484530019193,147813.0,754.0,3043.0,2842.0,34969.55023923446,2914.129186602871
484530018233,31820.0,1648.0,1084.0,0.0,10575.2828438949,881.273570324575
484530024271,46071.0,1009.0,1330.0,1064.0,14273.088607594937,1189.4240506329113
484530017372,112010.0,5743.0,1368.0,2552.0,26213.54816112084,2184.46234676007
484530002063,53438.0,1260.0,1201.0,2231.0,15277.68093385214,1273.1400778210116
484530023141,0.0,538.0,1297.0,0.0,15564.0,1297.0
484530024302,0.0,35.0,0.0,0.0,0.0,0.0
484530018601,63291.0,1998.0,1121.0,1405.0,15415.770629370629,1284.6475524475525
484530024301,0.0,0.0,0.0,0.0,0.0,0.0
484530024092,76481.0,1276.0,1484.0,0.0,10712.09195402299,892.6743295019157
484530018231,44359.0,4287.0,1081.0,1405.0,13609.806741573033,1134.1505617977527
484530018221,38707.0,2553.0,983.0,919.0,11666.496644295301,972.2080536912752
484530017521,27212.0,1450.0,1053.0,0.0,12396.075949367088,1033.006329113924
484530018201,30653.0,2164.0,1037.0,1535.0,13459.788079470198,1121.6490066225165
484530018202,32546.0,2486.0,944.0,1420.0,11643.182962245884,970.2652468538237
484530018172,48194.0,1238.0,994.0,1961.0,17465.004807692305,1455.4170673076922
484530018224,29583.0,1499.0,983.0,0.0,11796.0,983.0
484530017162,126522.0,3719.0,1695.0,2963.0,28616.332129963896,2384.694344163658
484530017193,134975.0,1446.0,1448.0,3079.0,34897.312788906005,2908.1093990755007
484530015014,117431.0,1392.0,1793.0,2905.0,31907.189189189186,2658.932432432432
484530015031,61523.0,1488.0,1582.0,2321.0,21521.339055793993,1793.444921316166
484530003042,98088.0,1953.0,1600.0,2886.0,25230.663157894738,2102.555263157895
484530002031,74250.0,2334.0,1801.0,0.0,21612.0,1801.0
484530003051,101250.0,1528.0,1690.0,3000.0,28140.0,2345.0
484530003025,57269.0,1071.0,1230.0,3938.0,26514.983922829586,2209.581993569132
484530003071,94423.0,1820.0,1423.0,2553.0,24819.823529411762,2068.3186274509803
484530013071,45781.0,869.0,1085.0,2089.0,16356.04232804233,1363.0035273368608
484530015052,52273.0,1515.0,1150.0,1823.0,16532.564383561643,1377.713698630137
484530018123,41410.0,2684.0,1050.0,1536.0,14923.918781725886,1243.6598984771572
484530021131,61143.0,1964.0,1183.0,1755.0,17819.172413793105,1484.9310344827586
484530017531,75223.0,1255.0,1400.0,0.0,16536.86746987952,1378.0722891566265
484530018322,95298.0,874.0,0.0,1466.0,17132.678851174936,1427.7232375979113
484530018353,49623.0,3052.0,1177.0,1390.0,15072.50718512257,1256.042265426881
484530018392,67069.0,5217.0,1305.0,1811.0,17784.63393412057,1482.052827843381
484530017131,64063.0,1896.0,1326.0,1895.0,19353.18771331058,1612.7656427758818
484530017133,90080.0,1881.0,1758.0,2003.0,23149.01694915254,1929.084745762712
484530017422,112250.0,3550.0,2369.0,2204.0,27045.899343544857,2253.8249452954046
484530017821,108942.0,1417.0,1383.0,2646.0,27048.413793103446,2254.0344827586205
484530017571,143750.0,689.0,0.0,3342.0,39032.51908396946,3252.709923664122
484530022023,39130.0,6111.0,1141.0,1110.0,13547.194630872482,1128.9328859060402
484530023143,58594.0,765.0,1127.0,0.0,13524.0,1127.0
484530017852,63893.0,1822.0,1163.0,0.0,12734.85,1061.2375
484530004012,33571.0,2516.0,1466.0,2500.0,19154.48888888889,1596.2074074074073
484530003061,93750.0,6029.0,1588.0,2779.0,25965.073796791443,2163.7561497326205
484530007001,57708.0,1388.0,1229.0,1702.0,16904.72427983539,1408.727023319616
484530013032,76681.0,2438.0,1678.0,3000.0,23952.980883322347,1996.0817402768625
484530017561,134444.0,2609.0,2137.0,1854.0,22880.07488986784,1906.6729074889868
484530017864,66827.0,1061.0,1494.0,1651.0,18584.40201005025,1548.7001675041877
484530017552,184479.0,3766.0,1786.0,3143.0,36877.12727272727,3073.0939393939393
484530017721,82063.0,1972.0,1847.0,1760.0,21344.547486033516,1778.7122905027932
484530017751,161845.0,7784.0,0.0,2944.0,34730.23350253807,2894.186125211506
484530017551,175625.0,2473.0,2464.0,3183.0,37338.49325153374,3111.5411042944784
484530019182,183125.0,707.0,0.0,4001.0,42424.396551724145,3535.366379310345
484530017742,110075.0,5828.0,1833.0,1652.0,20242.182399999998,1686.8485333333333
484530017743,148266.0,1695.0,0.0,2623.0,30506.722852512157,2542.226904376013
484530017701,176597.0,7884.0,2616.0,2908.0,34636.54667191808,2886.3788893265064
484530017703,147232.0,2548.0,0.0,2488.0,28664.4834663626,2388.7069555302164
484530017761,77857.0,1791.0,1368.0,1696.0,19059.408284023666,1588.284023668639
484530017762,99219.0,1345.0,1816.0,1602.0,19534.96875,1627.9140625
484530017741,133309.0,842.0,0.0,2102.0,24112.198347107438,2009.3498622589532
484530017411,143047.0,1730.0,2122.0,3053.0,35180.75983717775,2931.7299864314787
484530017421,77568.0,2995.0,1542.0,1778.0,21068.1797752809,1755.681647940075
484530017781,125417.0,2522.0,1639.0,2568.0,29693.57184750733,2474.464320625611
484530017782,83288.0,1817.0,1577.0,2183.0,22983.2380952381,1915.2698412698414
484530017731,130081.0,4359.0,1594.0,3215.0,30644.131301289563,2553.677608440797
484530024213,60561.0,1529.0,1208.0,1574.0,16594.924731182793,1382.9103942652328
484530018641,57736.0,1239.0,1633.0,1381.0,18707.77570093458,1558.981308411215
484530018642,51357.0,1404.0,1175.0,0.0,14100.0,1175.0
484530018511,110268.0,2379.0,1535.0,1696.0,19497.730120481923,1624.8108433734938
484530018461,148333.0,1014.0,2014.0,2567.0,30110.236363636366,2509.1863636363637
484530024231,93731.0,1558.0,1906.0,1554.0,19692.521739130436,1641.0434782608697
484530017493,83363.0,2837.0,1239.0,0.0,14868.0,1239.0
484530017494,98301.0,1891.0,1430.0,1919.0,18041.89595375723,1503.4913294797689
484530019151,67878.0,2138.0,1573.0,2085.0,20247.579139981703,1687.2982616651418
484530017071,56188.0,1580.0,1149.0,2397.0,21936.471838469715,1828.0393198724762
484530018051,42232.0,1647.0,910.0,1179.0,12007.125553914331,1000.5937961595274
484530018063,40050.0,2305.0,977.0,1768.0,13764.000000000002,1147.0
484530018064,28425.0,1154.0,676.0,0.0,5775.024930747923,481.2520775623269
484530018111,31412.0,1842.0,903.0,1646.0,13200.678260869563,1100.0565217391304
484530018342,82583.0,8501.0,1511.0,1805.0,20108.625000000004,1675.7187500000002
484530018352,70098.0,1353.0,1504.0,1521.0,18202.032388663967,1516.836032388664
484530018321,41023.0,2137.0,1059.0,1801.0,15555.629200463502,1296.3024333719584
484530018421,54283.0,10423.0,1289.0,1641.0,17918.892349356804,1493.241029113067
484530018612,83646.0,2305.0,1678.0,1477.0,18068.989090909094,1505.749090909091
484530018602,61089.0,2389.0,1415.0,1361.0,16713.176470588234,1392.764705882353
484530018513,67797.0,2686.0,1173.0,1950.0,16330.519258202567,1360.876604850214
484530018514,90119.0,2002.0,1141.0,2004.0,17619.731207289293,1468.3109339407742
484530018553,85589.0,4792.0,1372.0,1705.0,18514.842030021446,1542.903502501787
484530018582,116992.0,6570.0,0.0,2051.0,23872.01812191104,1989.3348434925865
484530018581,121151.0,7599.0,1425.0,2289.0,26455.897244278378,2204.6581036898647
484530005002,54267.0,1364.0,1354.0,0.0,14952.665511265164,1246.055459272097
484530021122,40383.0,2489.0,1113.0,1954.0,16268.371392722709,1355.6976160602258
484530017863,76788.0,1937.0,1451.0,0.0,17266.03113772455,1438.8359281437124
484530017663,141083.0,8229.0,0.0,2592.0,29519.883589329023,2459.990299110752
484530019111,64386.0,1615.0,1343.0,2347.0,18060.313432835825,1505.0261194029854
484530019104,166875.0,1113.0,2384.0,3848.0,42522.25641025641,3543.521367521367
484530023142,62113.0,1917.0,1257.0,2716.0,18572.247855100097,1547.6873212583412
484530024282,77621.0,6536.0,1378.0,1632.0,18494.177339901475,1541.1814449917895
484530018402,73179.0,1143.0,1495.0,1322.0,16332.270676691727,1361.0225563909773
484530018591,70625.0,762.0,0.0,2115.0,12690.0,1057.5
484530018414,76361.0,4022.0,1145.0,1864.0,19548.46358454718,1629.0386320455982
484530022121,83958.0,1452.0,1823.0,1539.0,18897.501369863014,1574.7917808219177
484530016021,101625.0,1435.0,1423.0,3192.0,31169.76131687243,2597.4801097393693
484530016023,32073.0,1158.0,775.0,0.0,9300.0,775.0
484530019191,200625.0,1508.0,3501.0,4001.0,47564.94117647059,3963.7450980392155
484530017223,80982.0,1852.0,1424.0,1933.0,17509.44606413994,1459.120505344995
484910202032,88011.0,758.0,0.0,1831.0,21029.501340482573,1752.4584450402144
484910202012,69500.0,1008.0,936.0,1778.0,18231.759036144576,1519.313253012048
484530018493,49674.0,1194.0,1241.0,0.0,13805.65349544073,1150.471124620061
484530018494,57443.0,1958.0,1324.0,0.0,15888.0,1324.0
484530017063,91413.0,1347.0,1346.0,2525.0,23283.82561307902,1940.3188010899185
484530017073,130391.0,1091.0,1361.0,2761.0,29074.21218961625,2422.851015801354
484530018492,64006.0,1269.0,1220.0,0.0,14640.0,1220.0
484530017542,80667.0,1354.0,1366.0,2611.0,25374.33128834356,2114.5276073619634
484530018112,44940.0,1417.0,1169.0,1647.0,16381.23076923077,1365.102564102564
484530021133,87150.0,1034.0,1648.0,2010.0,23135.08353221957,1927.923627684964
484530022084,68293.0,2095.0,1551.0,1484.0,18014.274052478137,1501.189504373178
484530022021,46622.0,2301.0,1448.0,1160.0,14809.79104477612,1234.1492537313434
484530022111,75719.0,3069.0,1319.0,1699.0,19365.537537537537,1613.7947947947946
484530024361,63125.0,2768.0,1053.0,1240.0,14427.000000000002,1202.2500000000002
484530023171,38683.0,5233.0,899.0,0.0,10053.289443813848,837.7741203178206
484530017281,83155.0,1406.0,2154.0,1682.0,21600.0,1800.0
484530017282,71750.0,1079.0,1382.0,1879.0,20480.796812749006,1706.7330677290836
484530016032,118523.0,1003.0,1550.0,2939.0,31403.522248243557,2616.96018735363
484530016033,200375.0,537.0,0.0,4001.0,45460.63768115942,3788.3864734299514
484530016034,208942.0,977.0,2583.0,4001.0,45703.835962145116,3808.652996845426
484530017371,106538.0,1463.0,1469.0,2494.0,26109.875,2175.8229166666665
484530017284,91705.0,2904.0,1917.0,1930.0,23116.788732394365,1926.3990610328638
484530017222,65946.0,1460.0,1194.0,0.0,14328.0,1194.0
484530017373,123696.0,3581.0,1574.0,2388.0,27066.164768921633,2255.5137307434698
484530016043,180313.0,954.0,1792.0,4001.0,45713.20325203252,3809.4336043360436
484530016044,0.0,1038.0,0.0,4001.0,34560.362068965514,2880.030172413793
484530016051,180234.0,1694.0,1316.0,4001.0,38581.756097560974,3215.1463414634145
484530016052,99583.0,730.0,1515.0,3246.0,29099.859813084113,2424.988317757009
484530016053,139559.0,703.0,1618.0,4001.0,35602.41509433962,2966.867924528302
484530016054,71774.0,841.0,1214.0,4001.0,30683.15322580645,2556.9294354838707
484530017053,124453.0,840.0,0.0,4001.0,44420.07980049875,3701.6733167082293
484530017072,92321.0,2615.0,1535.0,2298.0,22053.333333333332,1837.7777777777778
484530017121,84688.0,1479.0,1375.0,2474.0,25564.479338842975,2130.3732782369143
484530017122,53558.0,2249.0,1233.0,1865.0,17207.87279151944,1433.9893992932864
484530017132,123571.0,713.0,1643.0,3013.0,29659.54838709677,2471.6290322580644
484530017811,155795.0,1357.0,0.0,2823.0,30231.11392405063,2519.259493670886
484530017823,172396.0,1978.0,1889.0,2952.0,34755.5633187773,2896.296943231441
484530017181,54676.0,1949.0,1186.0,2656.0,17707.862068965518,1475.6551724137933
484530017182,116908.0,1650.0,1941.0,2956.0,34287.55915721232,2857.29659643436
484530017183,51694.0,825.0,0.0,2953.0,32904.857142857145,2742.0714285714284
484530017184,101305.0,1821.0,1682.0,3080.0,28296.516421291053,2358.043035107588
484530017191,135714.0,1655.0,2215.0,3595.0,41406.375,3450.53125
484530017192,197976.0,1058.0,0.0,3214.0,19284.0,1607.0
484530017221,66990.0,532.0,1121.0,3131.0,22517.23489932886,1876.4362416107385
484530017771,100093.0,4140.0,1650.0,1762.0,20525.988242978445,1710.4990202482038
484530017401,93200.0,2514.0,1721.0,1979.0,21825.725338491295,1818.8104448742747
484530016041,183929.0,1337.0,2729.0,3860.0,44716.03636363636,3726.3363636363633
484530016042,169038.0,678.0,2091.0,3711.0,42102.0,3508.5
484530017572,109375.0,1561.0,1495.0,2877.0,27202.564885496184,2266.880407124682
484530017543,107361.0,1523.0,1183.0,1736.0,19028.038834951458,1585.6699029126214
484910207042,56111.0,1906.0,966.0,1234.0,13205.254901960785,1100.437908496732
484910207043,51250.0,1746.0,1279.0,0.0,14679.61935483871,1223.3016129032258
482090108092,151181.0,2167.0,2536.0,2775.0,32957.04599211564,2746.4204993429703
482090108043,64955.0,2952.0,1669.0,1389.0,17148.81287044877,1429.0677392040643
482090109011,134412.0,2796.0,0.0,2998.0,33885.21042084168,2823.7675350701406
482090109013,91750.0,2549.0,1723.0,2504.0,29570.251626898047,2464.1876355748373
482090109014,130104.0,944.0,0.0,1805.0,20095.209125475285,1674.6007604562737
482090109022,71169.0,5436.0,1430.0,1789.0,18589.810344827587,1549.1508620689656
484530015013,130597.0,1093.0,0.0,3040.0,33148.86414253897,2762.4053452115813
484530015034,77750.0,902.0,2083.0,1417.0,19904.322580645163,1658.6935483870968
484910205044,58258.0,2027.0,1212.0,2168.0,15775.386637458925,1314.6155531215772
482090109062,61948.0,4173.0,1575.0,1485.0,18036.8,1503.0666666666666
482090106004,70708.0,2929.0,869.0,1606.0,17188.110121457492,1432.3425101214575
482090108062,100673.0,3262.0,823.0,2802.0,30489.852967227638,2540.821080602303
482090108042,147235.0,2731.0,1178.0,3029.0,35025.590312815344,2918.7991927346116
484910207012,43125.0,1318.0,805.0,1216.0,11251.745721271393,937.6454767726161
484530024072,102216.0,789.0,0.0,1819.0,20934.456140350878,1744.5380116959066
484530017412,74875.0,1030.0,1742.0,3017.0,30268.406779661018,2522.367231638418
484530017283,75761.0,1047.0,1697.0,1695.0,20345.60655737705,1695.4672131147543
484530019183,153750.0,1182.0,1297.0,4001.0,38760.29752066116,3230.0247933884298
484530002053,112083.0,548.0,1267.0,3607.0,28489.161290322576,2374.096774193548
484530001022,207500.0,1036.0,0.0,4001.0,45439.92857142857,3786.6607142857147
484530016031,160938.0,1014.0,2260.0,3198.0,36520.96089385475,3043.4134078212296
484530018632,40333.0,1299.0,1102.0,0.0,13224.0,1102.0
484530018631,38902.0,2255.0,965.0,0.0,11580.0,965.0
484530018422,58992.0,3205.0,0.0,1273.0,14462.581469648563,1205.2151224707136
484530022082,42188.0,1694.0,1190.0,794.0,10497.551637279597,874.7959697732997
484530017711,160250.0,2296.0,1700.0,2681.0,31518.756069364164,2626.563005780347
484530019173,183472.0,1141.0,0.0,3542.0,40321.64303178484,3360.1369193154037
484910204032,61250.0,1101.0,1247.0,1646.0,17455.493212669684,1454.6244343891403
484910203162,63820.0,3538.0,1231.0,1564.0,16004.156729131177,1333.6797274275982
484910203112,107721.0,1994.0,1989.0,2256.0,25985.47003154574,2165.4558359621446
484910205082,143043.0,1002.0,2133.0,2193.0,26175.40828402367,2181.2840236686393
484910203172,77150.0,3071.0,1464.0,2157.0,20495.84516129032,1707.9870967741936
484910203152,81328.0,1231.0,1414.0,2104.0,21211.265306122452,1767.6054421768708
484910203232,99167.0,1196.0,1635.0,1773.0,20586.745945945942,1715.562162162162
484910203252,62702.0,1031.0,1447.0,1200.0,15706.709677419354,1308.8924731182794
484910205072,140250.0,955.0,2133.0,2092.0,25191.590909090908,2099.2992424242425
484530017523,42256.0,1155.0,1159.0,0.0,13908.0,1159.0
484530017062,63750.0,1485.0,1218.0,2361.0,20266.992,1688.9159999999997
484530017061,118661.0,1062.0,1637.0,2686.0,29895.305389221554,2491.2754491017963
484530017054,95927.0,1693.0,1535.0,3370.0,28836.95550351288,2403.07962529274
484530006031,0.0,1056.0,1620.0,0.0,16745.869565217392,1395.4891304347827
484530018491,93562.0,3934.0,1537.0,0.0,18444.0,1537.0
484530019142,154938.0,1149.0,0.0,2375.0,27369.51983298539,2280.793319415449
484530019143,98087.0,2450.0,1688.0,2665.0,26798.455717970766,2233.2046431642307
484530019171,148125.0,1190.0,0.0,3185.0,33238.720379146915,2769.89336492891
484530024112,41250.0,2492.0,1157.0,1173.0,13990.634294385432,1165.886191198786
484530020032,37740.0,2441.0,927.0,1293.0,11913.071186440677,992.7559322033898
484530022022,0.0,1335.0,1234.0,0.0,10471.700934579438,872.6417445482865
484530018542,73413.0,3638.0,1612.0,1689.0,20114.144873000943,1676.1787394167452
484530017451,115682.0,1083.0,0.0,2719.0,16314.0,1359.5
484530017461,84013.0,3131.0,1085.0,2010.0,20558.881019830027,1713.2400849858357
484530017383,145125.0,1284.0,0.0,2193.0,23847.233532934133,1987.2694610778444
484910203102,115714.0,1318.0,1344.0,1990.0,23211.724137931036,1934.3103448275863
484910204081,94769.0,2277.0,1478.0,1660.0,18272.889877641825,1522.7408231368186
484530017384,114088.0,2936.0,0.0,2040.0,22448.815903197923,1870.734658599827
484530017285,92740.0,1041.0,1370.0,1724.0,18712.8152866242,1559.40127388535
484530017291,63984.0,1473.0,1276.0,1647.0,17478.017964071856,1456.5014970059879
484530017752,81818.0,507.0,0.0,1875.0,11250.0,937.5
484530017331,134375.0,3026.0,0.0,3108.0,36064.71565495207,3005.3929712460063
484530017332,118417.0,1322.0,0.0,2182.0,23858.993657505285,1988.2494714587738
484530017385,96012.0,781.0,1103.0,1950.0,19279.45945945946,1606.6216216216214
484530017772,107574.0,1682.0,2000.0,1672.0,20446.86120996441,1703.9051008303675
484530017832,99444.0,2236.0,1594.0,2104.0,24308.6511627907,2025.720930232558
484530017501,72240.0,1252.0,1364.0,0.0,15712.46057571965,1309.3717146433041
484530017541,50889.0,2152.0,1055.0,2226.0,17645.75769230769,1470.4798076923075
480539608002,57703.0,2589.0,1092.0,1290.0,15021.626373626374,1251.802197802198
480539605004,0.0,1062.0,0.0,1269.0,14823.991836734693,1235.3326530612244
484530017812,117054.0,1259.0,1442.0,2902.0,31456.147239263802,2621.3456032719837
484530017842,215479.0,3130.0,0.0,3255.0,36930.27842227378,3077.5232018561487
484530017732,128250.0,1545.0,1962.0,3050.0,35638.82208588957,2969.901840490798
484530017733,173688.0,2519.0,3501.0,3291.0,39657.8857696031,3304.8238141335914
484530022092,71750.0,2418.0,1633.0,1286.0,16190.04804045512,1349.1706700379268
484530015043,111944.0,1522.0,1177.0,2419.0,24602.580204778158,2050.2150170648465
484530013081,64375.0,510.0,1867.0,2232.0,25557.6,2129.7999999999997
484530023082,62016.0,1061.0,1574.0,2081.0,21064.112359550563,1755.3426966292134
484530018483,70341.0,3042.0,1260.0,2239.0,19380.36420233463,1615.0303501945523
484530010002,96563.0,684.0,1656.0,2469.0,27189.0,2265.75
484530018441,51171.0,1691.0,1210.0,1568.0,15944.804020100499,1328.7336683417084
484530019131,206071.0,2374.0,0.0,4001.0,46585.90099009901,3882.1584158415844
484530023151,36993.0,1504.0,1141.0,1275.0,14195.470344827585,1182.9558620689654
484530009023,38750.0,1004.0,890.0,0.0,6910.588235294118,575.8823529411765
484530017123,90575.0,829.0,1238.0,2046.0,20167.721739130433,1680.6434782608692
484530018282,105132.0,965.0,1246.0,1672.0,19228.151658767772,1602.345971563981
484530021051,53966.0,1740.0,1127.0,1914.0,15628.987951807227,1302.4156626506024
484530021123,52115.0,1833.0,1112.0,1658.0,16707.946308724833,1392.3288590604025
484530018451,59028.0,2121.0,1173.0,1563.0,16658.06896551724,1388.1724137931035
484530018041,34958.0,2213.0,1068.0,1679.0,13913.939086294418,1159.4949238578681
484530017722,76898.0,2754.0,1668.0,1560.0,18953.657334826425,1579.471444568869
484530018543,78859.0,2698.0,1730.0,1389.0,17342.443213296396,1445.2036011080331
480559606002,71324.0,1221.0,944.0,1337.0,15077.60655737705,1256.467213114754
484530018502,66583.0,887.0,1590.0,1372.0,17784.950495049507,1482.079207920792
484910204041,80972.0,1666.0,1637.0,1540.0,18896.80349344978,1574.7336244541484
484530005004,51023.0,1213.0,1145.0,0.0,9094.881516587679,757.9067930489732
484530004021,62887.0,1427.0,1360.0,1810.0,17676.716417910447,1473.0597014925372
484530004023,61700.0,884.0,1149.0,2578.0,21484.660465116278,1790.3883720930232
484530006011,19120.0,1249.0,1118.0,0.0,13416.0,1118.0
484530006042,6818.0,3272.0,1262.0,0.0,15144.0,1262.0
484530006032,17656.0,2478.0,1697.0,0.0,19879.142857142855,1656.595238095238
484530006033,2499.0,1791.0,1894.0,0.0,21212.8,1767.7333333333333
484530006034,4823.0,1217.0,1668.0,0.0,20016.0,1668.0
484530006043,8761.0,3002.0,1310.0,0.0,14742.324058919803,1228.5270049099836
484530008022,21585.0,1113.0,272.0,1871.0,6282.801724137931,523.5668103448276
484530013053,61538.0,1288.0,1441.0,2769.0,26004.48484848485,2167.040404040404
484530013054,114762.0,1272.0,1843.0,2807.0,29879.242524916946,2489.936877076412
484530013052,66544.0,1762.0,1168.0,3039.0,26496.215172413795,2208.017931034483
484530013072,84712.0,667.0,1181.0,2513.0,25045.12852664577,2087.0940438871476
484530013073,65938.0,2190.0,1259.0,3014.0,23560.65306122449,1963.387755102041
484530013082,46471.0,585.0,1078.0,1738.0,15965.999999999998,1330.4999999999998
484530013083,63723.0,1283.0,1559.0,2180.0,19534.89304812834,1627.907754010695
484530014012,85700.0,1302.0,1533.0,3518.0,31159.76344086022,2596.6469534050184
484530014022,119471.0,753.0,1245.0,3047.0,32824.51127819549,2735.375939849624
484530002042,87361.0,1281.0,1279.0,2888.0,27913.001703577513,2326.0834752981264
484530002043,159219.0,578.0,1184.0,3507.0,31464.571428571428,2622.0476190476193
484530003041,47500.0,1174.0,1112.0,2188.0,15791.498507462687,1315.9582089552239
484530008031,102237.0,1225.0,1822.0,2388.0,25737.12396694215,2144.760330578513
484530008032,86250.0,793.0,1216.0,1970.0,18268.647619047617,1522.3873015873012
484530008033,96316.0,923.0,1083.0,2829.0,24016.20779220779,2001.350649350649
484530008041,42750.0,1138.0,0.0,2417.0,14902.976958525343,1241.9147465437786
484530008042,0.0,1520.0,522.0,1768.0,11753.989847715737,979.4991539763114
484530017802,77031.0,1437.0,1023.0,2173.0,23603.04,1966.92
484530017792,66151.0,1549.0,1697.0,1967.0,22918.336810730252,1909.8614008941877
484530017791,77524.0,2412.0,1205.0,1197.0,14392.8132780083,1199.4011065006916
484530017793,88846.0,2585.0,1175.0,1627.0,18855.48251748252,1571.29020979021
484530017691,103411.0,2472.0,1649.0,2767.0,27040.982948846537,2253.4152457372115
484530017692,110761.0,4516.0,1668.0,2418.0,27519.68098159509,2293.306748466258
484530018043,30350.0,2631.0,930.0,0.0,11098.114602587799,924.8428835489833
484530018052,35440.0,2985.0,934.0,1375.0,12792.289544235926,1066.024128686327
484530018061,0.0,1386.0,1722.0,1866.0,21861.93865030675,1821.8282208588957
484530018062,42336.0,2329.0,1005.0,0.0,11514.768568353069,959.5640473627557
484530017452,86625.0,1180.0,1418.0,2144.0,22412.122082585276,1867.6768402154396
480219503001,75978.0,1263.0,1280.0,1541.0,17155.87155963303,1429.6559633027523
480219505021,82250.0,2889.0,0.0,1582.0,17910.446748350612,1492.5372290292178
480219508021,68284.0,5544.0,1430.0,1516.0,18087.926657263753,1507.3272214386461
480219508022,61932.0,1475.0,0.0,1194.0,9567.86710963455,797.3222591362126
480219508012,67941.0,1623.0,0.0,1613.0,17531.45901639344,1460.954918032787
484530024262,53750.0,895.0,1198.0,0.0,7467.533333333333,622.2944444444444
484530024212,84200.0,2671.0,2147.0,1604.0,20067.800433839475,1672.3167028199566
484530008021,97955.0,1520.0,0.0,1813.0,13749.792000000001,1145.816
484530012003,64180.0,809.0,1193.0,3270.0,21751.660000000003,1812.6383333333335
484530014031,64728.0,875.0,1154.0,2214.0,17005.012048192773,1417.0843373493976
484530018191,45833.0,3327.0,1136.0,1647.0,14807.999999999998,1234.0
484530021074,55227.0,1524.0,878.0,1718.0,14367.31221719457,1197.2760180995474
484530017682,138056.0,8904.0,1487.0,3011.0,33789.873921698745,2815.8228268082285
484530003053,62109.0,1617.0,1388.0,2231.0,19813.974093264245,1651.1645077720207
484530004022,38884.0,1350.0,1080.0,1563.0,15786.62068965517,1315.551724137931
484530015053,68024.0,1502.0,1442.0,2971.0,24324.537313432837,2027.044776119403
484530018121,41131.0,1760.0,1023.0,0.0,12276.0,1023.0
484530018443,91516.0,621.0,1436.0,2047.0,21725.806451612905,1810.483870967742
484530017502,47375.0,1663.0,1382.0,3228.0,21549.57907845579,1795.7982565379825
484530018431,63636.0,1148.0,1548.0,1520.0,18321.103448275866,1526.7586206896553
484530006035,5287.0,1712.0,1194.0,0.0,14168.546899841018,1180.7122416534182
484530017562,93846.0,1973.0,1533.0,2377.0,23290.797136038185,1940.8997613365157
480219508011,53922.0,2630.0,1546.0,1380.0,16945.95,1412.1625
480219505013,97868.0,2802.0,0.0,1509.0,17400.074074074077,1450.0061728395062
480219507004,48882.0,1456.0,1261.0,1409.0,16228.458410351202,1352.3715341959335
484530017293,59886.0,2663.0,1394.0,1790.0,18777.325362937663,1564.7771135781384
484530017052,196836.0,1321.0,0.0,3479.0,39932.86956521739,3327.7391304347825
484530013084,72643.0,676.0,1216.0,2639.0,21777.44554455445,1814.7871287128712
484530017142,159565.0,3553.0,0.0,2955.0,34061.06346483705,2838.4219554030874
484530018203,44845.0,3063.0,936.0,1438.0,12908.294985250739,1075.6912487708948
484530018223,58472.0,1282.0,1178.0,0.0,10299.681415929204,858.306784660767
484530017511,116667.0,647.0,1250.0,3147.0,33485.65957446809,2790.471631205674
484530021093,36713.0,1618.0,825.0,1447.0,13219.842662632374,1101.6535552193645
484530017641,90000.0,2997.0,996.0,2191.0,23841.94974874372,1986.8291457286432
484530017382,141319.0,1069.0,0.0,2524.0,30216.05700712589,2518.004750593824
484530017471,64375.0,3429.0,1356.0,1805.0,18455.031476997578,1537.9192897497983
484530017652,162329.0,11726.0,1347.0,2821.0,31652.976012380706,2637.7480010317254
484530017681,86193.0,2326.0,1403.0,3784.0,38552.11205846529,3212.676004872107
484530018042,62578.0,1913.0,913.0,1692.0,17320.36739380023,1443.3639494833526
484530018452,81827.0,1077.0,1392.0,1905.0,21331.422121896165,1777.6185101580136
482090109073,69100.0,6977.0,1332.0,1538.0,17451.35056876939,1454.2792140641159
482090108054,148188.0,2891.0,0.0,2968.0,34087.92079207921,2840.6600660066006
482090103031,49833.0,1552.0,1171.0,964.0,13086.398843930636,1090.5332369942196
482090108083,73158.0,2198.0,1160.0,1852.0,20678.36496350365,1723.1970802919707
482090108071,103438.0,2030.0,1380.0,2820.0,29215.424460431655,2434.6187050359713
482090108072,77083.0,637.0,920.0,3006.0,33406.99619771863,2783.916349809886
482090108032,88078.0,1751.0,835.0,2076.0,22048.9756097561,1837.4146341463415
482090108033,94531.0,1001.0,1539.0,2087.0,23703.26213592233,1975.2718446601941
482090108061,103295.0,1526.0,1279.0,3092.0,30953.56962025316,2579.464135021097
482090108081,108848.0,1490.0,0.0,2760.0,29241.081081081084,2436.756756756757
482090109071,58036.0,2845.0,1053.0,1302.0,14625.336898395723,1218.7780748663101
482090109063,57909.0,1849.0,1323.0,1231.0,14995.861351819756,1249.6551126516463
482090109064,80243.0,3064.0,1696.0,1619.0,19572.170212765956,1631.014184397163
484530024132,29821.0,2585.0,1042.0,1039.0,12496.270270270272,1041.355855855856
482090107022,75329.0,1318.0,797.0,1299.0,14681.417821782179,1223.4514851485148
482090109091,84405.0,1494.0,2073.0,1296.0,20033.922746781114,1669.4935622317596
484530024022,71250.0,2381.0,1218.0,1381.0,15569.719960278055,1297.4766633565046
484530013043,115847.0,933.0,1469.0,3114.0,29071.478260869568,2422.6231884057975
484530016035,150417.0,1705.0,1684.0,3719.0,37864.84014869889,3155.403345724907
484530018171,38159.0,1154.0,1154.0,2096.0,16150.3460949464,1345.8621745788669
484530020053,71322.0,1934.0,1274.0,1475.0,15798.963157894736,1316.5802631578947
484530021042,106658.0,1212.0,1833.0,1943.0,23217.20582120582,1934.7671517671517
484530003023,113790.0,992.0,1717.0,3529.0,30973.51260504202,2581.126050420168
484530017651,117193.0,3123.0,1220.0,3239.0,29943.754923413566,2495.312910284464
484530017472,70859.0,943.0,1153.0,1515.0,17138.87603305785,1428.2396694214876
484530017481,107679.0,2617.0,1701.0,2196.0,25440.216704288938,2120.018058690745
484910208053,86042.0,2967.0,0.0,1981.0,21578.91116173121,1798.242596810934
484910208032,0.0,1362.0,0.0,1471.0,15471.872509960158,1289.3227091633466
484910212031,36467.0,1227.0,875.0,1444.0,12914.616895874264,1076.2180746561887
484910202041,35147.0,874.0,744.0,1327.0,12663.518518518518,1055.2932098765432
480219505011,52120.0,3137.0,847.0,1314.0,14596.084538375977,1216.340378197998
484530019101,70313.0,980.0,1383.0,4001.0,30314.517958412092,2526.2098298676747
484530019013,107665.0,1850.0,1635.0,2676.0,25424.832713754648,2118.7360594795537
484530018334,56023.0,2241.0,974.0,2063.0,16475.745132743366,1372.9787610619471
484530017861,109018.0,1876.0,1600.0,0.0,19200.0,1600.0
484530017611,80573.0,2521.0,1473.0,4001.0,32343.169811320757,2695.2641509433965
484530018261,62532.0,974.0,1288.0,2357.0,17659.39764705882,1471.6164705882352
484530018503,52024.0,2017.0,1176.0,0.0,14112.0,1176.0
484530017642,153813.0,4956.0,1000.0,3528.0,39184.43644805571,3265.3697040046427
484530017662,87000.0,1716.0,1555.0,1464.0,17662.30909090909,1471.8590909090908
484530018541,78542.0,2768.0,0.0,1565.0,17556.303191489365,1463.025265957447
484530019192,192500.0,1683.0,1950.0,3939.0,44255.53398058252,3687.9611650485435
484530017841,97333.0,2887.0,1587.0,2828.0,26117.098546042005,2176.4248788368336
484530017602,172412.0,6898.0,2762.0,2726.0,32765.090188305257,2730.4241823587713
484530017381,85662.0,776.0,0.0,1495.0,13649.007633587787,1137.4173027989823
484530017801,97574.0,3180.0,1492.0,2571.0,29632.038004750593,2469.336500395883
484530024211,59579.0,6780.0,1265.0,2179.0,17155.262316910783,1429.6051930758988
484530019162,216000.0,740.0,0.0,4001.0,24006.0,2000.5
484530015011,88221.0,1333.0,1343.0,1461.0,16816.65777777778,1401.388148148148
484530015012,125540.0,1764.0,2667.0,3063.0,35751.833610648915,2979.3194675540763
484530021102,65048.0,1166.0,1662.0,1881.0,21967.7783933518,1830.6481994459834
484530023073,72750.0,1011.0,1074.0,1226.0,13523.999999999996,1126.9999999999998
484530023152,38176.0,1450.0,1036.0,0.0,12432.0,1036.0
484530024071,74740.0,5874.0,1417.0,2153.0,21330.183050847456,1777.5152542372882
484530001011,110703.0,812.0,0.0,2799.0,30587.342939481267,2548.9452449567725
484530001012,169492.0,1466.0,2402.0,3859.0,42979.25323475047,3581.6044362292055
484530001013,73234.0,2133.0,1745.0,3232.0,26791.205858421476,2232.6004882017896
484530002062,165556.0,784.0,2000.0,3058.0,35332.671140939594,2944.3892617449665
484530002051,95357.0,1477.0,1455.0,2417.0,21331.125,1777.59375
484530002052,63750.0,1905.0,1151.0,1972.0,15363.809369951536,1280.3174474959615
484530002061,105833.0,1331.0,1875.0,3382.0,36123.68456375839,3010.307046979866
484530003021,66825.0,1086.0,1153.0,3645.0,24109.142857142855,2009.095238095238
484530003024,65563.0,1018.0,1275.0,2961.0,21369.6,1780.8
484530003022,45313.0,1068.0,1139.0,0.0,12226.816326530612,1018.9013605442177
484530004011,98375.0,1713.0,1819.0,1896.0,22256.671641791043,1854.7226368159204
484530009011,73672.0,797.0,1758.0,2357.0,25907.966666666667,2158.9972222222223
484530009012,103843.0,1807.0,1807.0,3174.0,23897.05702364395,1991.4214186369957
484530009021,61300.0,1021.0,2644.0,1807.0,23650.28571428571,1970.8571428571427
484530009022,0.0,2014.0,1176.0,2230.0,17766.662889518415,1480.5552407932012
484530009024,80250.0,1542.0,1626.0,2190.0,20655.683422459893,1721.3069518716577
484530010001,59097.0,535.0,1417.0,3080.0,32898.1592920354,2741.5132743362833
484530010003,105972.0,1275.0,2246.0,2790.0,30175.90171990172,2514.6584766584765
484530010004,56852.0,450.0,1313.0,3000.0,29180.968421052632,2431.7473684210527
484530012001,37564.0,1074.0,721.0,4001.0,19248.923076923078,1604.076923076923
484530013031,87436.0,1833.0,1903.0,2565.0,25958.374331550804,2163.197860962567
480539605002,69331.0,1178.0,0.0,1688.0,18426.42580645161,1535.5354838709677
480539606002,80500.0,1841.0,1664.0,1829.0,21801.42857142857,1816.7857142857142
480539607002,33286.0,1406.0,805.0,1568.0,14157.21176470588,1179.7676470588233
480539607004,54722.0,1424.0,650.0,1631.0,12808.263157894737,1067.3552631578948
480539607005,42978.0,1576.0,793.0,1556.0,13067.615658362989,1088.967971530249
480539603005,58388.0,1498.0,629.0,1221.0,11000.071611253197,916.6726342710997
484530019102,194750.0,1060.0,1559.0,3629.0,37030.21574344023,3085.8513119533527
484530021063,105385.0,933.0,0.0,1734.0,19441.81818181818,1620.151515151515
484530014023,75500.0,928.0,1286.0,2737.0,21577.41176470588,1798.1176470588236
484530014032,58281.0,928.0,1464.0,1747.0,19174.334190231362,1597.8611825192802
484530013033,107765.0,822.0,2161.0,3069.0,35645.48837209302,2970.4573643410854
484530013042,135938.0,1363.0,1582.0,3438.0,37118.666666666664,3093.222222222222
484530013041,83266.0,1444.0,1605.0,3113.0,27044.694339622645,2253.724528301887
484530013044,112500.0,853.0,1420.0,3058.0,27513.971830985916,2292.830985915493
482090103044,28205.0,2005.0,976.0,0.0,9640.489795918367,803.374149659864
482090105002,41964.0,2272.0,1096.0,761.0,11373.715817694369,947.8096514745307
482090107012,20632.0,649.0,1103.0,0.0,11617.80564263323,968.1504702194358
482090103022,41743.0,3224.0,967.0,1107.0,12047.679525222551,1003.973293768546
482090109012,80656.0,2021.0,0.0,1675.0,10050.0,837.5
484530018442,60458.0,1845.0,1224.0,1436.0,15398.317343173434,1283.1931119311193
484530018462,113393.0,1512.0,0.0,1737.0,19937.739130434784,1661.4782608695652
484530018471,79880.0,1239.0,1205.0,1754.0,17514.673712021133,1459.5561426684278
484530018472,79766.0,5693.0,1203.0,1934.0,20018.18181818182,1668.1818181818182
484530018481,65302.0,1001.0,1673.0,1440.0,19063.429906542053,1588.6191588785045
484530018482,86119.0,1183.0,1777.0,1984.0,23197.706896551725,1933.1422413793102
484530023071,71379.0,1077.0,1204.0,1833.0,16877.083636363634,1406.4236363636362
484530023081,85946.0,1251.0,0.0,1444.0,5905.3823999999995,492.11519999999996
484530023083,20500.0,1898.0,999.0,0.0,11739.286307053942,978.2738589211618
484530023084,53672.0,2257.0,1207.0,0.0,13692.44870565676,1141.0373921380633
484910208092,74464.0,4750.0,1594.0,1499.0,18105.196261682246,1508.766355140187
484910208081,65625.0,814.0,853.0,2234.0,21645.184615384616,1803.7653846153848
484910216011,82344.0,900.0,866.0,1443.0,15333.835294117647,1277.8196078431372
484910208052,70563.0,3086.0,1422.0,1571.0,18444.31270358306,1537.0260586319216
484910209001,91944.0,827.0,876.0,1474.0,16565.224489795917,1380.4353741496598
484530023191,0.0,2368.0,0.0,0.0,0.0,0.0
484530018501,62857.0,878.0,1022.0,0.0,9451.57894736842,787.6315789473684
484530022091,60522.0,5061.0,1323.0,1390.0,16488.136363636364,1374.0113636363637
484530022101,88438.0,2263.0,1192.0,1463.0,16928.71065989848,1410.725888324873
484530024351,60494.0,2541.0,1087.0,1175.0,13835.35135135135,1152.945945945946
484530024352,68611.0,5777.0,1530.0,1516.0,18229.493562231757,1519.1244635193134
484530023072,45272.0,2766.0,1138.0,1110.0,13628.79446366782,1135.7328719723182
484530024311,76652.0,2744.0,963.0,1600.0,14711.295336787565,1225.9412780656303
484530023102,44261.0,2329.0,1134.0,1131.0,13588.295345104336,1132.3579454253613
484530023162,30068.0,1853.0,1065.0,0.0,12529.104294478526,1044.0920245398772
484530024313,64405.0,4240.0,1118.0,1307.0,15154.865568083263,1262.9054640069385
484910216022,70476.0,879.0,847.0,1164.0,13486.481012658229,1123.873417721519
484530022011,60132.0,1229.0,1374.0,1522.0,17349.88235294118,1445.8235294117646
484910206022,40417.0,1103.0,895.0,0.0,8687.202216066482,723.9335180055402
484910204101,122500.0,1435.0,2215.0,2280.0,27246.627906976744,2270.5523255813955
484910215083,93286.0,2529.0,1930.0,1604.0,20365.714285714286,1697.142857142857
484910208044,151729.0,3085.0,2167.0,2454.0,29161.940983606557,2430.1617486338796
484910207072,57716.0,2421.0,1236.0,1553.0,16321.182423435417,1360.098535286285
484910215043,119185.0,3478.0,1477.0,2598.0,27073.917981072555,2256.159831756046
484910208091,124138.0,1063.0,0.0,2227.0,26542.20408163265,2211.8503401360545
484530023181,40133.0,4848.0,891.0,1330.0,11368.371607515655,947.3643006263047
484530018413,134132.0,3410.0,0.0,1530.0,17227.11067580803,1435.592556317336
484530017822,211477.0,1906.0,0.0,2869.0,33357.14463452566,2779.762052877138
484530005003,92632.0,963.0,1210.0,0.0,11052.537313432837,921.044776119403
484530017143,176250.0,1745.0,0.0,2541.0,15246.0,1270.5
484530005001,25945.0,891.0,1065.0,0.0,11954.56570155902,996.2138084632517
484530017851,69948.0,3694.0,1245.0,1757.0,16517.126891734577,1376.4272409778814
484530018551,118524.0,3100.0,1576.0,1788.0,20816.765005086472,1734.730417090539
484530023182,58929.0,2367.0,939.0,1412.0,13957.801566579636,1163.150130548303
484530023172,25709.0,1348.0,981.0,0.0,11772.0,981.0
484530023074,49712.0,1093.0,1253.0,1839.0,16878.767295597485,1406.5639412997905
484530023132,39097.0,2329.0,1093.0,1750.0,14132.734426229508,1177.727868852459
484530023131,46618.0,2260.0,1138.0,1596.0,14227.319587628866,1185.609965635739
484530023123,51441.0,4172.0,1316.0,1996.0,18282.602409638555,1523.5502008032129
484530023041,52443.0,874.0,1346.0,0.0,16152.0,1346.0
484530023163,39980.0,1290.0,1168.0,0.0,14016.0,1168.0
484530018512,49410.0,2426.0,1158.0,1548.0,15016.507614213198,1251.3756345177665
484530024261,82582.0,8847.0,1627.0,1413.0,17460.666173205034,1455.055514433753
484530024291,54651.0,1645.0,1373.0,1473.0,16581.263157894737,1381.7719298245613
484530024274,47266.0,2042.0,1114.0,1217.0,13976.492307692306,1164.7076923076922
484530018621,84286.0,3681.0,1202.0,1862.0,19860.129032258064,1655.010752688172
484530018611,84009.0,2266.0,1692.0,1621.0,19589.523329129886,1632.4602774274906
484530015041,91596.0,2527.0,1415.0,2491.0,20112.118811881188,1676.009900990099
484530018571,78289.0,3263.0,1173.0,1849.0,17214.218978102188,1434.5182481751824
484530006041,0.0,1274.0,1105.0,0.0,12558.284671532845,1046.5237226277372
484530017661,48056.0,1263.0,0.0,1418.0,16320.793774319065,1360.0661478599222
484530011001,114115.0,4992.0,2409.0,2969.0,31197.99685633448,2599.8330713612067
484530024191,41301.0,2668.0,1038.0,0.0,12297.557729941293,1024.7964774951076
484530024272,70753.0,2089.0,1530.0,1289.0,16123.917525773195,1343.659793814433
484530024273,40238.0,2906.0,1248.0,1199.0,14773.42152023692,1231.1184600197432
484530024192,37388.0,2277.0,1108.0,0.0,13296.0,1108.0
484530024341,57963.0,1661.0,996.0,1503.0,16658.0,1388.166666666667
484530024322,60568.0,1232.0,1302.0,835.0,10917.317220543806,909.7764350453172
484530018531,95375.0,1784.0,1645.0,1629.0,19595.550200803213,1632.962516733601
484530018532,73333.0,1509.0,1396.0,1491.0,17401.677419354834,1450.1397849462364
484530008011,51944.0,1794.0,912.0,1726.0,16506.333333333336,1375.5277777777778
484530017702,172771.0,2575.0,0.0,2640.0,30393.937753721246,2532.828146143437
484530006012,2499.0,9083.0,1722.0,0.0,20664.0,1722.0
484530011002,163675.0,2418.0,2208.0,2671.0,28358.50035435861,2363.2083628632176
484530014011,82679.0,1871.0,1830.0,2288.0,23174.854111405835,1931.2378426171529
484530008023,0.0,1159.0,380.0,1386.0,6967.521367521367,580.6267806267806
484530023042,90532.0,2384.0,1762.0,1384.0,20981.342354533153,1748.4451962110961
484530013051,80799.0,1322.0,1598.0,4001.0,21920.67215041128,1826.7226792009399
484530012002,120469.0,3974.0,2219.0,3669.0,30688.746460746464,2557.3955383955386
484530014021,146563.0,833.0,2719.0,4001.0,43876.51612903226,3656.3763440860216
484530018552,92500.0,4787.0,1405.0,1694.0,18815.053291536053,1567.9211076280044
484530024312,65408.0,2915.0,987.0,1521.0,16475.049250535332,1372.9207708779443
484530024321,97750.0,1750.0,1621.0,1911.0,22500.90484739677,1875.075403949731
484539800001,0.0,0.0,0.0,0.0,0.0,0.0
484530024251,53295.0,1924.0,1247.0,1603.0,15715.83216783217,1309.6526806526808
484530024303,55192.0,2558.0,1186.0,1217.0,14481.142105263158,1206.761842105263
484530019012,70697.0,2379.0,1269.0,3373.0,25274.782006920414,2106.2318339100348
484530019172,215357.0,1596.0,0.0,4001.0,45238.3984063745,3769.866533864542
484530019081,160959.0,3225.0,1552.0,4001.0,40944.0,3412.0
484530019103,136140.0,1596.0,2097.0,3819.0,36932.44221105528,3077.7035175879396
484530019112,96159.0,1334.0,1808.0,0.0,21159.468315301394,1763.289026275116
484910202042,130875.0,1681.0,0.0,2595.0,24831.71270718232,2069.3093922651933
484910201091,169063.0,1141.0,0.0,2904.0,34248.893982808026,2854.0744985673355
484910202011,71250.0,427.0,753.0,1488.0,15966.000000000002,1330.5000000000002
484910208051,87405.0,2924.0,1593.0,1624.0,19414.68309070549,1617.8902575587906
484910215053,93946.0,3474.0,1699.0,1482.0,18173.597359735973,1514.4664466446643
484910204112,90278.0,1812.0,1565.0,1983.0,21635.01886792453,1802.9182389937107
484910203201,99026.0,2026.0,1769.0,1774.0,21279.783439490446,1773.3152866242037
484910205103,132778.0,1135.0,0.0,2238.0,25296.61935483871,2108.0516129032258
484910203242,99022.0,894.0,1435.0,1570.0,18594.868421052633,1549.5723684210527
484910207032,75933.0,2997.0,1453.0,1493.0,17647.733723482077,1470.6444769568398
484530019121,154931.0,3325.0,1877.0,4001.0,37873.977566867994,3156.1647972389997
484530019122,158882.0,804.0,1750.0,4001.0,46097.76377952756,3841.48031496063
484530019132,250001.0,2566.0,1875.0,4001.0,45978.21805392732,3831.5181711606097
484530020021,71739.0,2005.0,1632.0,1498.0,18687.798165137614,1557.3165137614678
484530020022,81875.0,1395.0,1108.0,1657.0,16809.599999999995,1400.8
484530021052,29389.0,2831.0,1042.0,0.0,12297.94969644406,1024.8291413703382
484530020051,90231.0,2203.0,1649.0,2050.0,21682.725000000002,1806.8937500000002
484530020052,70187.0,1423.0,1235.0,2927.0,17045.09589041096,1420.4246575342465
484530021041,63789.0,2092.0,1168.0,1945.0,18734.93080054274,1561.2442333785616
484530021071,58571.0,1141.0,1133.0,1563.0,16149.673469387757,1345.8061224489797
484530021053,59219.0,519.0,1286.0,2056.0,20576.255319148935,1714.6879432624112
484530021061,78864.0,1089.0,0.0,1939.0,13081.014925373136,1090.084577114428
484530021062,67344.0,1065.0,2039.0,1895.0,23413.871866295267,1951.1559888579388
484530021072,52604.0,1220.0,968.0,2115.0,20459.191709844563,1704.932642487047
484530021073,80938.0,1103.0,1319.0,2077.0,22759.44385026738,1896.620320855615
484910202043,118125.0,1841.0,0.0,2581.0,30461.472527472528,2538.4560439560437
484910201061,156793.0,2974.0,0.0,2646.0,31009.98636806232,2584.16553067186
484910201072,79646.0,2057.0,1640.0,1431.0,17272.48405560098,1439.3736713000817
484910201073,49816.0,2203.0,1722.0,1236.0,15777.850883935433,1314.8209069946195
484910203171,85703.0,2216.0,1465.0,2737.0,26247.040238450074,2187.2533532041725
484910201131,51875.0,1982.0,1137.0,1713.0,15431.58620689655,1285.9655172413793
484910216031,83438.0,518.0,763.0,1250.0,13902.395939086295,1158.5329949238578
484910208031,74420.0,1938.0,1160.0,1196.0,14267.037821482601,1188.9198184568836
484910201102,145625.0,1447.0,0.0,2956.0,17736.0,1478.0
484910201101,151523.0,2486.0,0.0,2655.0,30980.55207026349,2581.7126725219573
484910201121,165927.0,4287.0,1606.0,2968.0,32833.52775721688,2736.1273131014063
484910203011,63542.0,2501.0,498.0,1567.0,14989.181151832461,1249.0984293193717
484910206051,125329.0,5569.0,2193.0,2274.0,27159.803149606298,2263.316929133858
484910206042,66975.0,3417.0,1175.0,1493.0,15758.669138090827,1313.2224281742356
484910203142,92468.0,2412.0,2047.0,2124.0,25363.367441860464,2113.613953488372
484910205062,75427.0,1549.0,1644.0,1554.0,19011.870967741932,1584.3225806451612
484910203151,162355.0,7527.0,1658.0,2865.0,31996.386013986015,2666.365501165501
484910201071,54566.0,1282.0,0.0,1419.0,15586.365644171781,1298.8638036809816
484910201062,117237.0,1849.0,2020.0,2024.0,24278.050632911392,2023.1708860759493
484910201111,82656.0,1922.0,2563.0,1884.0,24598.200725513903,2049.850060459492
484910216032,91000.0,910.0,1739.0,1524.0,18842.093959731545,1570.1744966442952
484910201132,59563.0,976.0,1676.0,1383.0,16896.98054474708,1408.0817120622567
484910201093,117292.0,1332.0,2196.0,2087.0,25155.45864661654,2096.2882205513783
484910201122,114306.0,971.0,0.0,2107.0,24358.10704225352,2029.8422535211266
484910203111,82406.0,5128.0,1349.0,2380.0,19906.332356634575,1658.861029719548
484910202023,98917.0,1695.0,0.0,2532.0,27432.411428571428,2286.034285714286
484910206033,171155.0,2503.0,0.0,2711.0,30772.15455950541,2564.3462132921177
484910206041,152663.0,4714.0,0.0,2387.0,28314.25326170376,2359.52110514198
484910208041,105653.0,3383.0,1259.0,2205.0,21135.440203562343,1761.2866836301953
484910208072,96556.0,2633.0,1476.0,1703.0,19994.897727272728,1666.2414772727273
484910208071,70891.0,916.0,0.0,1541.0,16173.6,1347.8000000000002
484910205091,165350.0,2640.0,3065.0,3221.0,38530.307053941906,3210.8589211618255
484910203122,104409.0,4276.0,1514.0,1805.0,21481.32731376975,1790.1106094808126
484910203141,85025.0,2725.0,0.0,1424.0,14710.715814506539,1225.8929845422117
484910203243,101050.0,4327.0,988.0,1720.0,18635.796885578875,1552.9830737982397
484910203191,129057.0,3254.0,2108.0,2062.0,24791.526970954357,2065.960580912863
484910203192,80288.0,5140.0,1762.0,1699.0,20622.620689655174,1718.551724137931
484910203282,96196.0,1587.0,2048.0,1868.0,22683.906976744187,1890.3255813953488
484910215041,80731.0,1991.0,1214.0,2358.0,19920.572230014022,1660.0476858345019
484910214013,91979.0,1855.0,0.0,1742.0,19000.242857142857,1583.3535714285715
484910214012,92024.0,4631.0,1664.0,1801.0,21363.66163141994,1780.3051359516617
484910203221,109592.0,1875.0,1797.0,2057.0,23990.666666666668,1999.2222222222222
484910203261,151607.0,2900.0,2096.0,2473.0,29344.9756097561,2445.4146341463415
484910203181,97138.0,3857.0,2185.0,2056.0,24926.465753424658,2077.2054794520545
484910203262,128500.0,3034.0,1742.0,2125.0,24511.765432098768,2042.647119341564
484910203133,76583.0,1436.0,0.0,1457.0,16012.574257425744,1334.381188118812
484910203131,141000.0,3338.0,2067.0,2340.0,27748.070484581498,2312.339207048458
484910214033,74881.0,642.0,0.0,1713.0,17405.080291970804,1450.4233576642334
484910203202,76125.0,870.0,0.0,1568.0,17804.387096774193,1483.6989247311828
484910203204,112083.0,1302.0,1882.0,1806.0,21772.68789808917,1814.3906581740976
484910206023,79779.0,2619.0,1603.0,1338.0,17042.720257234727,1420.2266881028938
484910205063,125847.0,1879.0,2109.0,2182.0,26066.54748603352,2172.212290502793
484910204113,133214.0,434.0,0.0,1908.0,18005.59223300971,1500.4660194174758
484910205093,165125.0,3305.0,2321.0,2811.0,33365.34872979214,2780.4457274826786
484910203132,103713.0,3220.0,1594.0,1576.0,19004.230088495573,1583.6858407079644
484910205071,81067.0,1948.0,1619.0,1775.0,20430.95890410959,1702.5799086757993
484910205104,83750.0,3323.0,1382.0,1995.0,20029.12849162011,1669.0940409683426
484910205102,117250.0,1122.0,0.0,2423.0,14538.0,1211.5
484910203283,104432.0,2668.0,0.0,1919.0,16842.287234042553,1403.5239361702127
484910203241,137500.0,5257.0,2146.0,2643.0,30837.413642960808,2569.784470246734
484910203124,93229.0,2843.0,1662.0,1681.0,20119.64725457571,1676.6372712146426
484910203143,80532.0,3975.0,1552.0,1781.0,20146.258358662617,1678.8548632218844
484910201051,67218.0,1352.0,0.0,1814.0,21204.79172056921,1767.0659767141008
484910204054,59514.0,2059.0,1186.0,1527.0,15547.140298507462,1295.595024875622
484910205051,141833.0,2039.0,0.0,2115.0,24060.550458715596,2005.0458715596328
484910204092,113348.0,2149.0,1424.0,2038.0,22886.252996005325,1907.1877496671104
484910203183,59557.0,1263.0,1373.0,1697.0,18780.58064516129,1565.0483870967741
484910204042,96550.0,2111.0,1632.0,1685.0,20144.865224625624,1678.738768718802
484910204082,70993.0,1398.0,1363.0,1602.0,17651.605749486655,1470.9671457905545
484910204104,69017.0,1155.0,989.0,1662.0,14704.860986547084,1225.405082212257
484910204031,119881.0,1306.0,2137.0,2041.0,24680.90322580645,2056.741935483871
484910204083,95769.0,801.0,0.0,2073.0,12438.0,1036.5
484910201143,55307.0,1142.0,981.0,1466.0,13957.852534562211,1163.1543778801843
484910201142,63692.0,2939.0,1294.0,1511.0,17018.35691657867,1418.1964097148891
484910215031,50370.0,2456.0,1125.0,1492.0,14444.10408921933,1203.6753407682775
484910205032,126042.0,1488.0,1664.0,1783.0,21232.341573033704,1769.3617977528088
484910215052,82765.0,3001.0,1513.0,1355.0,17427.87055016181,1452.3225458468175
484910215032,63958.0,2468.0,990.0,1441.0,14116.814516129034,1176.4012096774193
484530023101,40000.0,561.0,738.0,979.0,10357.085714285715,863.0904761904762
484910204102,56681.0,1953.0,1376.0,1930.0,18846.673532440782,1570.5561277033985
484910207011,43750.0,1217.0,1036.0,1454.0,13851.160975609759,1154.2634146341463
484910207031,62188.0,2491.0,1236.0,1961.0,17938.380368098155,1494.8650306748464
484910207034,89177.0,3925.0,1493.0,1655.0,19409.845626072045,1617.4871355060036
484910214031,75541.0,5268.0,1298.0,2013.0,21050.70802919708,1754.225669099757
484910214014,81638.0,5169.0,1394.0,1393.0,16718.4085106383,1393.200709219858
484910215082,72557.0,2516.0,1300.0,1588.0,16428.03654822335,1369.0030456852792
484530018555,84083.0,1979.0,1464.0,1822.0,21264.159574468085,1772.0132978723404
484530018562,93710.0,6959.0,0.0,1805.0,20122.140000000003,1676.845
484910215051,78472.0,1666.0,1728.0,1627.0,20099.23178807947,1674.935982339956
484910215072,81603.0,3267.0,1137.0,1722.0,19641.54884547069,1636.7957371225577
484910215071,61897.0,5970.0,1342.0,1632.0,16534.080775444265,1377.8400646203556
484910207071,71875.0,3271.0,1555.0,1347.0,16927.482352941177,1410.6235294117646
484910207081,101047.0,3458.0,1884.0,1653.0,20328.394736842103,1694.032894736842
484910207083,117949.0,2207.0,1981.0,1706.0,20595.134328358214,1716.261194029851
484910207082,127639.0,2550.0,0.0,2235.0,25909.444444444445,2159.1203703703704
484910207061,144825.0,2649.0,1576.0,2160.0,25434.297029702968,2119.5247524752476
484910208045,176583.0,2107.0,0.0,2450.0,28675.192604006163,2389.59938366718
484910215061,80938.0,1987.0,1746.0,1644.0,19912.161467889906,1659.3467889908256
484910215042,100063.0,2207.0,1446.0,2432.0,25366.771428571432,2113.897619047619
484910208033,93299.0,1725.0,1691.0,1658.0,19944.913705583756,1662.0761421319796
484910208073,67550.0,1797.0,1942.0,1572.0,19679.667244367418,1639.9722703639516
484910208093,53056.0,2265.0,1331.0,1725.0,19198.932515337423,1599.9110429447853
484910208074,83902.0,5778.0,1697.0,1659.0,19951.575832305796,1662.6313193588164
484910216021,72153.0,1953.0,862.0,1713.0,18566.64935064935,1547.2207792207791
484910215022,53292.0,1275.0,1607.0,1299.0,16654.3868852459,1387.865573770492
484910201152,106000.0,2098.0,1908.0,2121.0,25316.784982935154,2109.732081911263
484910201081,124423.0,715.0,769.0,2463.0,28302.90410958904,2358.5753424657532
484910206032,149667.0,4043.0,0.0,2897.0,33508.26615969581,2792.3555133079844
484910206052,102120.0,3294.0,1835.0,1776.0,21434.71143375681,1786.2259528130674
484910201103,82386.0,2016.0,0.0,1833.0,15432.029232643119,1286.0024360535933
484910204111,128529.0,2980.0,1507.0,2006.0,22460.32298136646,1871.6935817805384
484910204103,91288.0,872.0,0.0,1676.0,18337.41176470588,1528.1176470588236
484910208061,107188.0,2814.0,0.0,2163.0,25342.64661654135,2111.887218045113
484910216012,49545.0,719.0,0.0,1820.0,20748.0,1729.0
484910216013,72292.0,3475.0,1298.0,1424.0,16780.317903930132,1398.3598253275109
484910201092,137344.0,1242.0,0.0,2859.0,32861.27710843374,2738.4397590361446
484910201151,96048.0,3262.0,1235.0,1905.0,21662.28209191759,1805.190174326466
484910208062,130481.0,6180.0,1775.0,2282.0,26926.755279503104,2243.8962732919254
484910208042,110208.0,1359.0,0.0,2213.0,24646.745098039217,2053.8954248366013
484910207062,134886.0,1862.0,2500.0,2452.0,29475.649122807015,2456.304093567251
484910208043,170038.0,1754.0,0.0,2816.0,32554.764302059495,2712.8970251716246
484910215081,109000.0,3234.0,1627.0,1792.0,21296.733990147786,1774.7278325123154
484910215073,85934.0,3703.0,1683.0,1583.0,19307.200807265388,1608.933400605449
484530023161,43315.0,1444.0,997.0,0.0,11780.195530726258,981.6829608938548
484530024021,69063.0,1160.0,1776.0,1639.0,20096.869565217392,1674.7391304347827
484530024023,102778.0,1002.0,1956.0,1471.0,21160.510638297874,1763.3758865248228
484530024024,61788.0,3971.0,1278.0,1464.0,15494.421001458435,1291.2017501215362
484530024031,68036.0,1210.0,1213.0,2041.0,21713.28813559322,1809.4406779661017
484530024032,70982.0,1533.0,1524.0,1667.0,19161.198067632853,1596.7665056360709
484530024091,81453.0,1047.0,0.0,1738.0,16644.69230769231,1387.0576923076924
484530024133,63125.0,1381.0,1148.0,961.0,12571.625316455698,1047.6354430379747
484530024332,65909.0,7226.0,1669.0,1397.0,17299.92878338279,1441.6607319485659
484530024093,64740.0,1263.0,1596.0,1530.0,18542.53125,1545.2109375
484530024101,57321.0,2461.0,1251.0,1250.0,15008.50676982592,1250.7088974854933
484530024111,44000.0,2755.0,1205.0,1188.0,14433.859296482411,1202.821608040201
484530024113,41667.0,2172.0,1177.0,1175.0,14109.328301886791,1175.777358490566
484530024121,55250.0,1271.0,1778.0,1100.0,16279.728813559324,1356.6440677966102
482090109102,71738.0,1323.0,1150.0,1223.0,14199.045553145337,1183.2537960954448
482090109104,97500.0,3386.0,1655.0,1711.0,20296.99421965318,1691.4161849710983
482090109093,61629.0,4608.0,1373.0,1722.0,18212.947664603267,1517.7456387169389
482090109053,45852.0,1582.0,965.0,1342.0,14362.398773006136,1196.8665644171779
482090102003,2499.0,1284.0,0.0,0.0,0.0,0.0
482090106005,79726.0,1806.0,0.0,1670.0,18553.16129032258,1546.0967741935483
482090108031,55174.0,1853.0,641.0,1443.0,14752.824120603014,1229.4020100502512
482090107011,47120.0,2665.0,1155.0,1215.0,14158.832684824903,1179.9027237354085
482090109021,108366.0,1894.0,0.0,2854.0,17124.0,1427.0
482090109092,94281.0,2197.0,1756.0,1744.0,20969.194479297366,1747.4328732747804
482090108044,67935.0,2037.0,1380.0,1593.0,18668.539042821158,1555.7115869017632
482090109025,102500.0,1382.0,1815.0,1898.0,22712.934497816594,1892.7445414847161
482090109081,67269.0,5278.0,1124.0,2055.0,20887.179863660196,1740.598321971683
482090109072,42067.0,2333.0,973.0,1175.0,13736.837545126353,1144.7364620938629
482090109101,75436.0,1928.0,1453.0,1373.0,16670.33789954338,1389.1948249619484
482090109103,89459.0,3742.0,1249.0,1365.0,16012.479690522245,1334.3733075435205
482090109052,98750.0,2366.0,0.0,1907.0,11442.0,953.5
482090109082,78790.0,10170.0,1231.0,1687.0,18982.859957776218,1581.9049964813514
482090106006,85516.0,3007.0,924.0,2253.0,23407.554189085316,1950.6295157571099
482090103033,38333.0,4007.0,1141.0,0.0,13692.0,1141.0
484530024122,71274.0,2337.0,1613.0,1358.0,17343.620889748545,1445.301740812379
484530024123,49279.0,2557.0,1193.0,1132.0,13894.29132569558,1157.8576104746317
484530024131,32212.0,1079.0,1157.0,0.0,11133.814696485622,927.8178913738019
482090109074,47963.0,2311.0,1282.0,891.0,11821.875,985.15625
482090109061,93963.0,7765.0,1664.0,1664.0,19967.999999999996,1664.0
482090108053,138833.0,1151.0,0.0,3206.0,37548.0,3129.0
482090108051,154135.0,3447.0,1446.0,3038.0,34003.844776119404,2833.6537313432837
482090109024,123476.0,7204.0,2054.0,2211.0,26441.112714156894,2203.426059513075
484530024281,113623.0,1755.0,0.0,1972.0,22399.04041720991,1866.586701434159
484530023121,0.0,1083.0,913.0,1451.0,14401.008403361344,1200.0840336134452
484530023122,37679.0,3335.0,1113.0,1276.0,14269.48272251309,1189.123560209424
484530021121,26688.0,1104.0,967.0,1408.0,12900.43373493976,1075.036144578313
484530017601,164355.0,11209.0,1626.0,3555.0,35865.313432835814,2988.776119402985
484530017612,204417.0,5491.0,1288.0,4001.0,41430.217886178856,3452.5181571815715
484530017831,189688.0,3089.0,2900.0,3060.0,36423.70370370371,3035.308641975309
484530017051,134038.0,1064.0,1533.0,4001.0,33835.348837209305,2819.6124031007757
484530003052,52955.0,948.0,1172.0,2615.0,19011.428571428572,1584.2857142857144
484910201112,74511.0,1521.0,1264.0,1560.0,17402.322580645163,1450.1935483870968
484910203022,104321.0,4047.0,1716.0,1803.0,21483.733126454616,1790.311093871218
484910203121,60821.0,1135.0,0.0,2009.0,17325.071186440677,1443.7559322033899
484530024223,72070.0,2646.0,1307.0,1477.0,17428.70948012232,1452.3924566768603
484530024221,65766.0,2239.0,1479.0,1402.0,17308.50429799427,1442.375358166189
484530024222,40313.0,1185.0,1054.0,0.0,12148.736842105263,1012.3947368421053
484530024232,86888.0,2310.0,1982.0,1707.0,21146.257696693272,1762.188141391106
484530024233,50424.0,2139.0,1481.0,1625.0,18512.819277108432,1542.734939759036
484910203224,44338.0,2500.0,1078.0,1457.0,14845.786447638604,1237.1488706365503
484530024241,61144.0,1023.0,1418.0,1887.0,21260.68686868687,1771.7239057239058
484530024242,55920.0,2875.0,1297.0,1409.0,16155.179142136249,1346.2649285113541
484530001021,183167.0,1544.0,0.0,3282.0,36297.145945945944,3024.762162162162
484530017292,60655.0,939.0,1606.0,1625.0,19441.73955773956,1620.1449631449632
484530018192,32054.0,945.0,880.0,0.0,10219.354838709676,851.6129032258063
484530019181,250001.0,641.0,0.0,4001.0,44844.54166666667,3737.0451388888887
484530020042,35682.0,386.0,1086.0,0.0,12007.471698113208,1000.6226415094341
484530021132,101319.0,705.0,1949.0,2221.0,25679.744680851065,2139.9787234042556
484530024102,55125.0,1958.0,1147.0,1661.0,14957.306532663317,1246.4422110552764
484910212011,70492.0,2122.0,1464.0,1333.0,16202.842105263158,1350.2368421052631
484910203211,66202.0,1075.0,1441.0,1395.0,16866.399999999998,1405.5333333333333
484910203212,60625.0,986.0,940.0,1408.0,15633.142857142857,1302.7619047619048
484910203271,110139.0,1931.0,1531.0,2109.0,24126.08071748879,2010.506726457399
484910203222,86406.0,1658.0,1089.0,1662.0,18440.331210191085,1536.6942675159237
484910203223,90222.0,3057.0,1378.0,2011.0,21819.55136663525,1818.2959472196042
484910203182,85125.0,3963.0,1227.0,1844.0,18257.844863731654,1521.4870719776382
484910209002,70750.0,793.0,1150.0,1158.0,13871.641791044776,1155.9701492537313
484910203021,99063.0,2309.0,1345.0,2665.0,28436.28032345013,2369.6900269541775
484910203272,62991.0,884.0,1297.0,1375.0,16048.990099009903,1337.4158415841587
484910205031,128250.0,2725.0,0.0,2307.0,27211.576791808875,2267.6313993174062
484910213004,56806.0,821.0,825.0,1672.0,18525.827893175076,1543.818991097923
484910203251,62952.0,2514.0,1288.0,1501.0,16697.37556561086,1391.447963800905
484910215021,58597.0,5018.0,1294.0,1443.0,16455.58043940468,1371.2983699503898
484910210002,53250.0,1278.0,937.0,1514.0,16586.375634517764,1382.197969543147
484910212012,41688.0,745.0,0.0,1481.0,14594.225165562915,1216.1854304635763
484910209003,73424.0,1080.0,1018.0,1836.0,20333.557251908398,1694.4631043256998
484910201141,43297.0,2734.0,1073.0,1251.0,13378.477533039648,1114.873127753304
484910212033,0.0,807.0,903.0,1839.0,17270.60338983051,1439.2169491525426
484910213003,47917.0,564.0,1019.0,1178.0,13800.257510729614,1150.0214592274679
484910205041,79362.0,2582.0,1705.0,1393.0,18627.074003795064,1552.2561669829222
484910213001,33409.0,1329.0,643.0,1055.0,11526.055045871559,960.5045871559632
484910203013,88333.0,4366.0,1602.0,1785.0,21172.2143864598,1764.35119887165
484910203012,103654.0,1750.0,981.0,2477.0,27652.615384615383,2304.3846153846152
484910203281,95197.0,3263.0,928.0,1691.0,17586.81818181818,1465.5681818181818
484910214023,34271.0,255.0,918.0,0.0,4960.421052631578,413.36842105263156
482090109023,72088.0,2336.0,1205.0,2026.0,21994.58142340169,1832.881785283474
482090108082,118852.0,2380.0,1412.0,2313.0,25228.695000000007,2102.3912500000006
482090108091,128235.0,3675.0,1551.0,2488.0,29067.8691588785,2422.322429906542
482090104003,53515.0,8110.0,1442.0,1374.0,16900.612865497078,1408.3844054580898
482090108041,83385.0,1739.0,0.0,1470.0,15674.607977991747,1306.2173314993124
482090103032,31130.0,3538.0,1083.0,1424.0,14383.819852941177,1198.6516544117646
482090102002,33750.0,3926.0,1159.0,1602.0,15390.693877551019,1282.5578231292516
482090101002,67212.0,847.0,1146.0,1885.0,19491.44162436548,1624.2868020304568
482090103043,37067.0,3722.0,958.0,0.0,10416.184025559105,868.0153354632588
482090102001,20329.0,980.0,994.0,0.0,8416.042440318302,701.3368700265252
482090105001,45186.0,2872.0,1077.0,735.0,12299.124504361618,1024.9270420301348
482090107021,38241.0,1575.0,711.0,1750.0,13103.6,1091.9666666666667
482090106002,0.0,1620.0,1760.0,1790.0,21254.014598540147,1771.1678832116788
482090109051,88173.0,3344.0,1236.0,1913.0,21153.337278106508,1762.778106508876
482090101001,29884.0,1515.0,1031.0,994.0,12295.826893353942,1024.6522411128285
482090103041,17396.0,1292.0,934.0,0.0,10541.504854368932,878.4587378640776
482090103042,23221.0,904.0,688.0,0.0,8256.0,688.0
480539604002,62426.0,1903.0,0.0,1193.0,12431.201183431953,1035.9334319526627
480539602001,73281.0,1874.0,964.0,1583.0,17866.452892561985,1488.8710743801653
480539602002,56500.0,1085.0,0.0,1681.0,19916.6582278481,1659.7215189873418
480539601001,64050.0,2205.0,697.0,2091.0,21574.943495400792,1797.911957950066
480539608003,82500.0,1935.0,719.0,3060.0,32654.922352941176,2721.2435294117645
480539605003,50191.0,1800.0,1621.0,948.0,13513.160305343514,1126.0966921119593
480539605001,48926.0,2247.0,0.0,1212.0,13388.731914893617,1115.7276595744681
480539601003,63548.0,2823.0,0.0,1090.0,11623.147699757868,968.5956416464891
480539603001,38529.0,1987.0,713.0,1159.0,12816.373937677054,1068.0311614730879
480539606001,85125.0,2137.0,1008.0,1419.0,16614.84816753927,1384.5706806282722
484530018583,140288.0,2728.0,0.0,1652.0,18938.011173184357,1578.167597765363
484530025001,183654.0,1139.0,0.0,2907.0,17442.0,1453.5
484530025003,64107.0,1809.0,1237.0,1972.0,17527.63636363636,1460.6363636363635
484530025004,59611.0,1728.0,1217.0,0.0,13813.38508682329,1151.1154239019409
484530025002,106019.0,1380.0,1978.0,2599.0,28830.734693877548,2402.561224489796
484530018232,64861.0,1319.0,1619.0,1152.0,16850.16,1404.18
484530018131,40333.0,4048.0,1069.0,1525.0,14014.510699001425,1167.8758915834521
484530018132,47802.0,3418.0,1196.0,1727.0,17547.863777089788,1462.3219814241486
484530018222,61969.0,1466.0,1468.0,1736.0,19789.777777777777,1649.148148148148
484530018241,65313.0,728.0,1385.0,1711.0,19437.174061433445,1619.7645051194538
480559601011,58333.0,2073.0,977.0,1256.0,14209.636363636364,1184.1363636363635
480559607003,0.0,1748.0,1013.0,0.0,7498.093457943925,624.8411214953271
480559605003,57586.0,2244.0,842.0,1438.0,14812.100502512563,1234.3417085427136
480559604001,45461.0,1739.0,949.0,1108.0,12500.111731843575,1041.6759776536312
480559601021,57604.0,2862.0,646.0,1360.0,14894.69943289225,1241.2249527410208
480559607004,49831.0,1098.0,625.0,3026.0,27219.940298507463,2268.3283582089553
480559605002,92978.0,1493.0,1032.0,908.0,11146.455445544554,928.8712871287129
480559602001,50925.0,1495.0,881.0,868.0,10464.91211401425,872.0760095011876
480559602003,48527.0,1493.0,675.0,0.0,3571.6535433070867,297.6377952755906
484530018351,73153.0,2366.0,1497.0,1342.0,17215.58311345646,1434.631926121372
484530018122,35264.0,3445.0,1124.0,0.0,13028.834042553191,1085.736170212766
480559604002,57232.0,1984.0,873.0,1351.0,13129.08527131783,1094.0904392764858
480559607002,0.0,476.0,0.0,0.0,0.0,0.0
480559603001,48942.0,1658.0,1432.0,1777.0,20225.91103789127,1685.4925864909392
480559605004,51193.0,2544.0,815.0,0.0,7221.518987341772,601.7932489451476
480559607005,0.0,1753.0,561.0,930.0,9352.204958677685,779.3504132231403
484530018173,102285.0,1713.0,1304.0,2120.0,21954.29433962264,1829.524528301887
484530018181,44583.0,2060.0,1208.0,1888.0,18997.62162162162,1583.135135135135
484530018182,55347.0,3077.0,1095.0,2309.0,16614.033745781777,1384.5028121484813
484530018183,76912.0,1577.0,1183.0,2268.0,22671.681818181816,1889.306818181818
484530018211,53419.0,1870.0,1110.0,1818.0,17052.497695852533,1421.0414746543777
484530018212,72550.0,1114.0,1450.0,1635.0,19334.640522875816,1611.2200435729847
484530018213,49781.0,2610.0,1202.0,1603.0,15465.989118607182,1288.8324265505985
484530018281,103359.0,1904.0,1793.0,1740.0,21069.653259361996,1755.8044382801666
484530018283,114167.0,1404.0,1446.0,1906.0,21910.65168539326,1825.887640449438
484530018291,41694.0,1042.0,1048.0,1902.0,14299.387387387389,1191.6156156156155
484530018292,54728.0,1417.0,1194.0,1598.0,16056.19225634179,1338.0160213618158
484530018332,24276.0,1179.0,1096.0,1563.0,15570.777975133215,1297.5648312611013
484530018333,77607.0,1637.0,0.0,1394.0,15316.095412844035,1276.3412844036698
484530018341,56845.0,3190.0,1161.0,2344.0,15632.952524491335,1302.7460437076113
484530018262,69792.0,1814.0,1325.0,1943.0,17834.608695652176,1486.217391304348
484530018242,75526.0,1358.0,1082.0,1664.0,17048.267558528427,1420.6889632107025
484530018411,80960.0,7010.0,1723.0,1634.0,19817.200915331807,1651.433409610984
484530018401,65694.0,7229.0,1299.0,1700.0,17868.469565217394,1489.0391304347827
484530017141,75627.0,9732.0,1238.0,2991.0,20694.644323814016,1724.553693651168
484530017161,94949.0,3577.0,1493.0,3159.0,26722.49686847599,2226.8747390396657
484530016061,0.0,16.0,0.0,0.0,0.0,0.0
484910203231,69904.0,2691.0,1316.0,1885.0,19039.573122529648,1586.631093544137
484530021081,47254.0,2770.0,1076.0,1780.0,16601.427385892115,1383.4522821576763
484530021082,32313.0,1312.0,953.0,1854.0,14240.616541353384,1186.718045112782
484530021091,63125.0,1127.0,1490.0,1276.0,16208.164222873898,1350.6803519061584
484530021092,70573.0,1498.0,1583.0,1825.0,20831.862068965518,1735.9885057471265
484530021101,45471.0,3055.0,1220.0,1470.0,16034.02985074627,1336.1691542288559
484530021111,22439.0,2253.0,759.0,1839.0,12953.274725274725,1079.4395604395604
484910203123,57888.0,3099.0,1609.0,1310.0,16948.66386554622,1412.388655462185
484530021112,39048.0,1215.0,747.0,1315.0,14113.533039647578,1176.127753303965
484910203203,98667.0,2563.0,1697.0,1744.0,20754.695417789757,1729.5579514824797
484910205101,147700.0,5385.0,2651.0,2764.0,32995.7807486631,2749.648395721925
484530018391,73281.0,4955.0,1212.0,1735.0,17381.095890410958,1448.4246575342465
484530018403,73412.0,2508.0,1563.0,1594.0,19025.627906976744,1585.468992248062
484530018412,76875.0,2393.0,0.0,1681.0,16821.059210526313,1401.7549342105262
484530018432,85481.0,1376.0,1859.0,1786.0,21644.16880733945,1803.6807339449542
484530019141,141495.0,2969.0,1669.0,3020.0,27873.378400659516,2322.781533388293
484530019174,231528.0,1220.0,0.0,3968.0,44366.90823529412,3697.2423529411767
484530022085,63315.0,2186.0,918.0,1049.0,12254.545454545452,1021.212121212121
484530022071,59014.0,2887.0,1306.0,1328.0,15902.62452591656,1325.2187104930467
484530022072,55568.0,7053.0,1559.0,1319.0,16344.82191780822,1362.0684931506848
484530022012,44722.0,994.0,1400.0,1381.0,16677.555555555555,1389.7962962962963
484530022083,0.0,1011.0,0.0,0.0,0.0,0.0
484530015044,143750.0,1958.0,1205.0,2192.0,23165.01639344262,1930.418032786885
484530015054,77639.0,1055.0,1132.0,1998.0,17684.116363636364,1473.6763636363637
484530015051,107027.0,709.0,1736.0,2743.0,30492.372881355932,2541.031073446328
484530017712,116006.0,2124.0,1425.0,2480.0,29239.54779033916,2436.6289825282634
484530019161,214773.0,2218.0,2292.0,3867.0,45467.51351351351,3788.959459459459
484530017862,52054.0,955.0,1394.0,1378.0,16624.394004282654,1385.3661670235547
480219505012,46897.0,2649.0,1132.0,1429.0,16472.06896551724,1372.6724137931035
480219505023,64028.0,1466.0,0.0,1510.0,14807.312775330396,1233.942731277533
480219508013,82019.0,3761.0,1086.0,1429.0,16142.655172413795,1345.2212643678163
480219504004,78472.0,2387.0,1209.0,1113.0,13937.498806682577,1161.4582338902148
480219504005,80000.0,2256.0,1199.0,1444.0,16930.43181818182,1410.8693181818182
480219501004,79485.0,1388.0,0.0,1881.0,19827.39622641509,1652.2830188679243
480219501005,63542.0,1131.0,1047.0,1169.0,13784.0,1148.6666666666667
480219505022,55568.0,2031.0,715.0,1558.0,16943.981927710844,1411.9984939759036
484530018561,94803.0,2255.0,0.0,1961.0,21861.98709677419,1821.832258064516
480219502003,90093.0,2053.0,854.0,887.0,10471.468879668051,872.6224066390042
480219506003,72763.0,1547.0,0.0,1673.0,19411.022082018928,1617.5851735015772
484530015042,83571.0,826.0,2014.0,2463.0,28079.627118644068,2339.968926553672
484530016022,116500.0,771.0,1856.0,4001.0,31038.521739130436,2586.54347826087
484910202031,70833.0,2847.0,1737.0,1518.0,18318.573351278603,1526.5477792732167
484910206031,159320.0,4071.0,0.0,2691.0,30479.845446182157,2539.9871205151794
484910202044,49565.0,571.0,974.0,0.0,5351.873684210527,445.98947368421057
484910202021,83558.0,1952.0,1067.0,2064.0,21594.34351145038,1799.5286259541983
484910205061,104211.0,2986.0,1500.0,2260.0,25560.000000000004,2130.0
484910204091,83506.0,2818.0,1381.0,1791.0,17990.851802403206,1499.2376502002671
484910201053,97024.0,2982.0,1790.0,2150.0,25382.896551724138,2115.241379310345
484910201052,78170.0,2657.0,1801.0,1940.0,23107.884673748107,1925.6570561456754
484910208082,70703.0,991.0,1078.0,2382.0,22106.754098360652,1842.2295081967213
484910203134,87772.0,2772.0,1299.0,2166.0,19787.87221684414,1648.9893514036787
484910202022,117206.0,2289.0,0.0,2308.0,25473.48148148148,2122.7901234567903
484910201082,119375.0,1252.0,0.0,1762.0,20356.401146131808,1696.3667621776503
484910211002,60227.0,1687.0,1034.0,1143.0,13162.825000000003,1096.9020833333334
484910211001,60083.0,1323.0,1052.0,1554.0,15207.89847715736,1267.3248730964467
484910212021,56815.0,2730.0,706.0,1615.0,15591.726251276814,1299.3105209397345
484910212022,65795.0,1223.0,1250.0,1399.0,16533.17814726841,1377.7648456057007
484910212032,57656.0,1046.0,1016.0,1404.0,16182.857142857143,1348.5714285714287
484910213002,42031.0,639.0,735.0,1257.0,12911.514450867051,1075.9595375722542
484530017491,79526.0,1169.0,0.0,1681.0,16508.02395209581,1375.6686626746507
484530017492,103281.0,1353.0,1647.0,1657.0,19854.30181086519,1654.5251509054324
484530018572,74313.0,2994.0,1697.0,1633.0,19805.514629948368,1650.4595524956972
484530024252,102893.0,2418.0,1900.0,1834.0,22158.55421686747,1846.5461847389558
480559601012,48795.0,4090.0,1024.0,1298.0,14927.346938775509,1243.9455782312925
480559601013,57336.0,1725.0,0.0,1216.0,11240.727272727274,936.7272727272729
480559602004,52361.0,668.0,1328.0,0.0,6561.882352941176,546.8235294117646
480559603003,60809.0,1646.0,1029.0,1349.0,14538.729335494327,1211.5607779578606
480559603002,77014.0,1122.0,945.0,2097.0,21414.476712328767,1784.5397260273971
484530017503,66364.0,1934.0,1366.0,1830.0,19332.76893203883,1611.0640776699026
484530017512,137574.0,1556.0,2167.0,2922.0,34486.260869565216,2873.855072463768
484530017522,61506.0,1325.0,1146.0,0.0,13752.0,1146.0
484530017462,49167.0,1475.0,1259.0,1418.0,16052.67752442997,1337.7231270358307
484530017473,76058.0,1718.0,1392.0,1975.0,21224.671096345515,1768.7225913621262
484530017482,73638.0,3904.0,1414.0,1534.0,17713.94990836897,1476.162492364081
